SessionID,Event,Time_s,Level_mm,Predicted_mm,Target_mm,Error_mm,Actuator,PWM
20261001_131020,TankZeroFill,0.109,-0.97,-0.97,50.00,50.97,P,1024
20261001_131020,TankZeroFill,0.258,-1.97,-1.97,50.00,51.97,P,1024
20261001_131020,TankZeroFill,0.406,0.03,0.03,50.00,49.97,P,1024
20261001_131020,TankZeroFill,0.554,0.03,1.27,50.00,49.97,P,1024
20261001_131020,TankZeroFill,0.701,0.03,0.96,50.00,49.97,P,1024
20261001_131020,TankZeroFill,0.850,-0.97,-0.97,50.00,50.97,P,1024
20261001_131020,TankZeroFill,0.998,-0.97,-0.97,50.00,50.97,P,1024
20261001_131020,TankZeroFill,1.146,0.03,1.27,50.00,49.97,P,1024
20261001_131020,TankZeroFill,1.294,0.03,0.03,50.00,49.97,P,1024
20261001_131020,TankZeroFill,1.443,0.03,0.03,50.00,49.97,P,1024
20261001_131020,TankZeroFill,1.591,0.03,0.03,50.00,49.97,P,1024
20261001_131020,TankZeroFill,1.738,1.03,2.27,50.00,48.97,P,1024
20261001_131020,TankZeroFill,1.886,0.03,0.65,50.00,49.97,P,1024
20261001_131020,TankZeroFill,2.034,0.03,0.03,50.00,49.97,P,1024
20261001_131020,TankZeroFill,2.183,1.03,1.65,50.00,48.97,P,1024
20261001_131020,TankZeroFill,2.331,0.03,0.03,50.00,49.97,P,1024
20261001_131020,TankZeroFill,2.478,0.03,0.03,50.00,49.97,P,1024
20261001_131020,TankZeroFill,2.627,0.03,-0.36,50.00,49.97,P,1024
20261001_131020,TankZeroFill,2.774,4.03,6.51,50.00,45.97,P,1024
20261001_131020,TankZeroFill,2.923,6.03,9.75,50.00,43.97,P,1024
20261001_131020,TankZeroFill,3.072,10.03,15.60,50.00,39.97,P,1024
20261001_131020,TankZeroFill,3.218,10.03,16.23,50.00,39.97,P,1024
20261001_131020,TankZeroFill,3.367,10.03,16.22,50.00,39.97,P,1024
20261001_131020,TankZeroFill,3.516,10.03,16.22,50.00,39.97,P,1024
20261001_131020,TankZeroFill,3.663,10.03,13.75,50.00,39.97,P,1024
20261001_131020,TankZeroFill,3.812,10.03,12.51,50.00,39.97,P,1024
20261001_131020,TankZeroFill,3.958,12.03,13.27,50.00,37.97,P,1024
20261001_131020,TankZeroFill,4.107,13.03,14.89,50.00,36.97,P,1024
20261001_131020,TankZeroFill,4.256,15.03,18.13,50.00,34.97,P,1024
20261001_131020,TankZeroFill,4.403,13.03,14.89,50.00,36.97,P,1024
20261001_131020,TankZeroFill,4.552,16.03,19.75,50.00,33.97,P,1024
20261001_131020,TankZeroFill,4.699,15.03,18.13,50.00,34.97,P,1024
20261001_131020,TankZeroFill,4.847,17.03,20.13,50.00,32.97,P,1024
20261001_131020,TankZeroFill,4.996,17.03,19.51,50.00,32.97,P,1024
20261001_131020,TankZeroFill,5.145,18.03,19.89,50.00,31.97,P,1024
20261001_131020,TankZeroFill,5.292,20.03,24.36,50.00,29.97,P,1024
20261001_131020,TankZeroFill,5.440,20.03,22.51,50.00,29.97,P,1024
20261001_131020,TankZeroFill,5.588,22.03,26.36,50.00,27.97,P,1024
20261001_131020,TankZeroFill,5.737,23.03,26.74,50.00,26.97,P,1024
20261001_131020,TankZeroFill,5.886,25.03,29.98,50.00,24.97,P,1024
20261001_131020,TankZeroFill,6.032,27.03,32.61,50.00,22.97,P,1024
20261001_131020,TankZeroFill,6.181,25.03,28.13,50.00,24.97,P,1024
20261001_131020,TankZeroFill,6.328,25.03,28.13,50.00,24.97,P,1024
20261001_131020,TankZeroFill,6.477,27.03,30.13,50.00,22.97,P,1024
20261001_131020,TankZeroFill,6.625,29.03,32.75,50.00,20.97,P,1024
20261001_131020,TankZeroFill,6.773,29.03,31.51,50.00,20.97,P,1024
20261001_131020,TankZeroFill,6.921,33.03,36.74,50.00,16.97,P,1024
20261001_131020,TankZeroFill,7.070,32.03,36.36,50.00,17.97,P,1024
20261001_131020,TankZeroFill,7.218,34.03,39.59,50.00,15.97,P,1024
20261001_131020,TankZeroFill,7.365,35.03,39.99,50.00,14.97,P,1024
20261001_131020,TankZeroFill,7.514,37.03,41.98,50.00,12.97,P,1024
20261001_131020,TankZeroFill,7.661,35.03,38.75,50.00,14.97,P,1024
20261001_131020,TankZeroFill,7.810,37.03,39.51,50.00,12.97,P,1024
20261001_131020,TankZeroFill,7.959,38.03,41.75,50.00,11.97,P,1024
20261001_131020,TankZeroFill,8.105,38.03,40.51,50.00,11.97,P,1024
20261001_131020,TankZeroFill,8.254,39.03,41.51,50.00,10.97,P,1024
20261001_131020,TankZeroFill,8.403,39.03,40.27,50.00,10.97,P,1024
20261001_131020,TankZeroFill,8.552,40.03,43.12,50.00,9.97,P,1024
20261001_131020,TankZeroFill,8.699,41.03,43.51,50.00,8.97,P,1024
20261001_131020,TankZeroFill,8.848,41.03,42.89,50.00,8.97,P,1024
20261001_131020,TankZeroFill,8.995,42.03,44.51,50.00,7.97,P,1024
20261001_131020,TankZeroFill,9.143,41.03,42.27,50.00,8.97,P,1024
20261001_131020,TankZeroFill,9.292,43.03,45.51,50.00,6.97,P,1024
20261001_131020,TankZeroFill,9.441,44.03,46.51,50.00,5.97,P,1024
20261001_131020,TankZeroFill,9.587,48.03,52.37,50.00,1.97,-,0
20261001_131020,TankZeroFill,9.736,46.03,49.13,50.00,3.97,P,1024
20261001_131020,TankZeroFill,9.884,49.03,53.36,50.00,0.97,-,0
20261001_131020,TankZeroFill,10.033,50.03,55.60,50.00,-0.03,-,0
20261001_131020,TankZeroFill,10.179,50.03,54.37,50.00,-0.03,-,0
20261001_131020,TankZeroFill,10.328,53.03,58.61,50.00,-3.03,-,0
20261001_131020,TankZeroFill,10.477,50.03,51.27,50.00,-0.03,-,0
20261001_131020,TankZeroFill,10.626,49.03,50.89,50.00,0.97,-,0
20261001_131020,TankZeroFill,10.772,50.03,50.65,50.00,-0.03,-,0
20261001_131020,TankZeroFill,10.921,50.03,50.03,50.00,-0.03,-,0
20261001_131020,TankZeroFill,11.069,51.03,51.65,50.00,-1.03,-,0
20261001_131020,TankZeroFill,11.218,50.03,48.85,50.00,-0.03,P,1024
20261001_131020,TankZeroFill,11.365,51.03,51.65,50.00,-1.03,-,0
20261001_131020,TankZeroFill,11.513,52.03,53.89,50.00,-2.03,-,0
20261001_131020,TankZeroFill,11.663,50.03,50.03,50.00,-0.03,-,0
20261001_131020,TankZeroFill,11.809,52.03,53.27,50.00,-2.03,-,0
20261001_131020,TankZeroFill,11.959,51.03,51.03,50.00,-1.03,-,0
20261001_131020,TankZeroFill,12.106,51.03,51.65,50.00,-1.03,-,0
20261001_131020,TankZeroFill,12.254,52.03,52.65,50.00,-2.03,-,0
20261001_131020,TankZeroFill,12.402,52.03,52.03,50.00,-2.03,-,0
20261001_131020,TankZeroFill,12.551,52.03,53.27,50.00,-2.03,-,0
20261001_131020,TankZeroFill,12.699,52.03,52.03,50.00,-2.03,-,0
20261001_131020,TankZeroFill,12.847,54.03,55.89,50.00,-4.03,-,0
20261001_131020,TankZeroFill,12.995,52.03,52.65,50.00,-2.03,-,0
20261001_131020,TankZeroFill,13.144,52.03,52.03,50.00,-2.03,-,0
20261001_131020,TankZeroFill,13.292,52.03,52.03,50.00,-2.03,-,0
20261001_131020,TankZeroFill,13.439,51.03,50.64,50.00,-1.03,-,0
20261001_131020,TankZeroFill,13.587,49.03,47.85,50.00,0.97,P,1024
20261001_131020,TankZeroFill,13.735,52.03,51.25,50.00,-2.03,-,0
20261001_131020,TankZeroFill,13.884,51.03,50.64,50.00,-1.03,-,0
20261001_131020,TankZeroFill,14.032,50.03,49.25,50.00,-0.03,P,1024
20261001_131020,TankZeroFill,14.181,50.03,49.25,50.00,-0.03,P,1024
20261001_131020,TankZeroFill,14.329,51.03,51.03,50.00,-1.03,-,0
20261001_131020,TankZeroFill,14.477,51.03,52.27,50.00,-1.03,-,0
20261001_131020,TankZeroFill,14.625,51.03,50.64,50.00,-1.03,-,0
20261001_131020,TankZeroFill,14.772,51.03,51.03,50.00,-1.03,-,0
20261001_131020,TankZeroFill,14.920,51.03,51.65,50.00,-1.03,-,0
20261001_131020,TankZeroFill,15.069,49.03,48.64,50.00,0.97,P,1024
20261001_131020,TankZeroFill,15.217,51.03,51.03,50.00,-1.03,-,0
20261001_131020,TankZeroFill,15.365,50.03,49.64,50.00,-0.03,-,0
20261001_131020,TankZeroFill,15.513,51.03,51.03,50.00,-1.03,-,0
20261001_131020,TankZeroFill,15.661,51.03,51.03,50.00,-1.03,-,0
20261001_131020,TankZeroFill,15.809,50.03,49.64,50.00,-0.03,-,0
20261001_131020,TankZeroFill,15.957,52.03,53.89,50.00,-2.03,-,0
20261001_131020,TankZeroFill,16.107,50.03,49.64,50.00,-0.03,-,0
20261001_131020,TankZeroFill,16.254,50.03,50.03,50.00,-0.03,-,0
20261001_131020,TankZeroFill,16.402,48.03,46.85,50.00,1.97,P,1024
20261001_131020,TankZeroFill,16.551,52.03,52.65,50.00,-2.03,-,0
20261001_131020,TankZeroFill,16.699,51.03,51.65,50.00,-1.03,-,0
20261001_131020,TankZeroFill,16.848,50.03,49.25,50.00,-0.03,P,1024
20261001_131020,TankZeroFill,16.994,50.03,50.03,50.00,-0.03,-,0
20261001_131020,TankZeroFill,17.144,50.03,50.03,50.00,-0.03,-,0
20261001_131020,TankZeroFill,17.292,50.03,51.27,50.00,-0.03,-,0
20261001_131020,TankZeroFill,17.438,51.03,50.64,50.00,-1.03,-,0
20261001_131020,TankZeroFill,17.587,51.03,51.03,50.00,-1.03,-,0
20261001_131020,TankZeroFill,17.736,50.03,50.03,50.00,-0.03,-,0
20261001_131020,TankZeroFill,17.883,51.03,51.65,50.00,-1.03,-,0
20261001_131020,TankZeroFill,18.033,51.03,51.65,50.00,-1.03,-,0
20261001_131020,TankZeroFill,18.179,51.03,51.65,50.00,-1.03,-,0
20261001_131020,TankZeroFill,18.327,50.03,49.64,50.00,-0.03,-,0
20261001_131020,TankZeroFill,18.477,52.03,52.65,50.00,-2.03,-,0
20261001_131020,TankZeroFill,18.625,51.03,51.65,50.00,-1.03,-,0
20261001_131020,TankZeroFill,18.771,50.03,49.64,50.00,-0.03,-,0
20261001_131020,TankZeroFill,18.920,51.03,51.03,50.00,-1.03,-,0
20261001_131020,TankZeroFill,19.068,50.03,49.64,50.00,-0.03,-,0
20261001_131020,TankZeroFill,19.216,51.03,51.65,50.00,-1.03,-,0
20261001_131020,TankZeroFill,19.365,51.03,50.64,50.00,-1.03,-,0
20261001_131020,TankZeroFill,19.513,50.03,49.64,50.00,-0.03,-,0
20261001_131020,TankZeroFill,19.660,50.03,50.03,50.00,-0.03,-,0
20261001_131020,TankZeroFill,19.810,50.03,49.64,50.00,-0.03,-,0
20261001_131020,TankZeroFill,19.958,50.03,50.03,50.00,-0.03,-,0
20261001_131020,TankZeroFill,20.105,50.03,49.64,50.00,-0.03,-,0
20261001_131020,TankZeroFill,20.254,52.03,52.65,50.00,-2.03,-,0
20261001_131020,TankZeroFill,20.401,51.03,51.65,50.00,-1.03,-,0
20261001_131020,TankZeroFill,20.551,51.03,51.65,50.00,-1.03,-,0
20261001_131020,TankZeroFill,20.697,51.03,51.65,50.00,-1.03,-,0
20261001_131020,TankZeroFill,20.846,50.03,50.03,50.00,-0.03,-,0
20261001_131020,TankZeroFill,20.994,50.03,50.03,50.00,-0.03,-,0
20261001_131020,TankZeroFill,21.143,49.03,47.85,50.00,0.97,P,1024
20261001_131020,TankZeroFill,21.290,48.03,46.85,50.00,1.97,P,1024
20261001_131020,TankZeroFill,21.439,50.03,49.64,50.00,-0.03,-,0
20261001_131020,TankZeroFill,21.587,48.03,46.85,50.00,1.97,P,1024
20261001_131020,TankZeroFill,21.735,48.03,47.25,50.00,1.97,P,1024
20261001_131020,TankZeroFill,21.883,50.03,50.03,50.00,-0.03,-,0
20261001_131020,TankZeroFill,22.032,48.03,47.64,50.00,1.97,P,1024
20261001_131020,TankZeroFill,22.179,50.03,51.27,50.00,-0.03,-,0
20261001_131020,TankZeroFill,22.326,49.03,48.64,50.00,0.97,P,1024
20261001_131020,TankZeroFill,22.475,50.03,51.27,50.00,-0.03,-,0
20261001_131020,TankZeroFill,22.623,48.03,48.03,50.00,1.97,P,1024
20261001_131020,TankZeroFill,22.771,49.03,48.64,50.00,0.97,P,1024
20261001_131020,TankZeroFill,22.920,51.03,52.89,50.00,-1.03,-,0
20261001_131020,TankZeroFill,23.068,50.03,50.03,50.00,-0.03,-,0
20261001_131020,TankZeroFill,23.217,50.03,50.65,50.00,-0.03,-,0
20261001_131020,TankZeroFill,23.365,49.03,48.64,50.00,0.97,P,1024
20261001_131020,TankZeroFill,23.513,50.03,51.27,50.00,-0.03,-,0
20261001_131020,TankZeroFill,23.661,50.03,50.65,50.00,-0.03,-,0
20261001_131020,TankZeroFill,23.807,50.03,49.64,50.00,-0.03,-,0
20261001_131020,TankZeroFill,23.956,50.03,50.03,50.00,-0.03,-,0
20261001_131020,TankZeroFill,24.104,53.03,54.89,50.00,-3.03,-,0
20261001_131020,TankZeroFill,24.253,52.03,53.89,50.00,-2.03,-,0
20261001_131020,TankZeroFill,24.402,51.03,51.65,50.00,-1.03,-,0
20261001_131020,TankZeroFill,24.548,50.03,50.03,50.00,-0.03,-,0
20261001_131020,TankZeroFill,24.697,50.03,50.03,50.00,-0.03,-,0
20261001_131020,TankZeroFill,24.845,51.03,51.65,50.00,-1.03,-,0
20261001_131020,TankZeroFill,24.993,50.03,48.85,50.00,-0.03,P,1024
20261001_131020,TankZeroFill,25.140,51.03,50.64,50.00,-1.03,-,0
20261001_131020,TankZeroFill,25.289,50.03,49.64,50.00,-0.03,-,0
20261001_131020,TankZeroFill,25.438,49.03,48.64,50.00,0.97,P,1024
20261001_131020,TankZeroFill,25.586,48.03,47.25,50.00,1.97,P,1024
20261001_131020,TankZeroFill,25.734,50.03,49.64,50.00,-0.03,-,0
20261001_131020,TankZeroFill,25.883,50.03,50.03,50.00,-0.03,-,0
20261001_131020,TankZeroFill,26.031,49.03,48.25,50.00,0.97,P,1024
20261001_131020,TankZeroFill,26.178,50.03,50.03,50.00,-0.03,-,0
20261001_131020,TankZeroFill,26.326,49.03,49.03,50.00,0.97,P,1024
20261001_131020,TankZeroFill,26.475,50.03,51.27,50.00,-0.03,-,0
20261001_131020,TankZeroFill,26.623,49.03,48.64,50.00,0.97,P,1024
20261001_131020,TankZeroFill,26.772,49.03,48.64,50.00,0.97,P,1024
20261001_131020,TankZeroFill,26.918,49.03,49.03,50.00,0.97,P,1024
20261001_131020,TankZeroFill,27.067,48.03,47.25,50.00,1.97,P,1024
20261001_131020,TankZeroFill,27.215,49.03,49.03,50.00,0.97,P,1024
20261001_131020,TankZeroFill,27.364,48.03,47.25,50.00,1.97,P,1024
20261001_131020,TankZeroFill,27.511,50.03,50.65,50.00,-0.03,-,0
20261001_131020,TankZeroFill,27.659,48.03,47.64,50.00,1.97,P,1024
20261001_131020,TankZeroFill,27.808,51.03,52.27,50.00,-1.03,-,0
20261001_131020,TankZeroFill,27.956,48.03,48.03,50.00,1.97,P,1024
20261001_131020,TankZeroFill,28.105,49.03,49.03,50.00,0.97,P,1024
20261001_131020,TankZeroFill,28.252,51.03,52.89,50.00,-1.03,-,0
20261001_131020,TankZeroFill,28.400,49.03,48.64,50.00,0.97,P,1024
20261001_131020,TankZeroFill,28.548,50.03,51.27,50.00,-0.03,-,0
20261001_131020,TankZeroFill,28.696,52.03,52.65,50.00,-2.03,-,0
20261001_131020,TankZeroFill,28.844,50.03,51.27,50.00,-0.03,-,0
20261001_131020,TankZeroFill,28.993,50.03,50.65,50.00,-0.03,-,0
20261001_131020,TankZeroFill,29.141,49.03,48.25,50.00,0.97,P,1024
20261001_131020,TankZeroFill,29.289,51.03,52.27,50.00,-1.03,-,0
20261001_131020,TankZeroFill,29.437,51.03,51.65,50.00,-1.03,-,0
20261001_131020,TankZeroFill,29.584,48.03,46.46,50.00,1.97,P,1024
20261001_131020,TankZeroFill,29.733,49.03,48.64,50.00,0.97,P,1024
20261001_131020,TankZeroFill,29.881,51.03,51.65,50.00,-1.03,-,0
20261001_131020,TankZeroFill,30.029,49.03,49.03,50.00,0.97,P,1024
20261001_131020,TankZeroFill,30.177,50.03,49.64,50.00,-0.03,-,0
20261001_131020,TankZeroFill,30.326,50.03,49.64,50.00,-0.03,-,0
20261001_131020,TankZeroFill,30.474,50.03,51.27,50.00,-0.03,-,0
20261001_131020,TankZeroFill,30.622,50.03,50.65,50.00,-0.03,-,0
20261001_131020,TankZeroFill,30.771,50.03,49.64,50.00,-0.03,-,0
20261001_131020,TankZeroFill,30.919,50.03,50.65,50.00,-0.03,-,0
20261001_131020,TankZeroFill,31.067,49.03,48.64,50.00,0.97,P,1024
20261001_131020,TankZeroFill,31.215,49.03,48.64,50.00,0.97,P,1024
20261001_131020,TankZeroFill,31.362,49.03,48.64,50.00,0.97,P,1024
20261001_131020,TankZeroFill,31.510,49.03,48.64,50.00,0.97,P,1024
20261001_131020,TankZeroFill,31.659,48.03,47.25,50.00,1.97,P,1024
20261001_131020,TankZeroFill,31.808,49.03,48.64,50.00,0.97,P,1024
20261001_131020,TankZeroFill,31.954,49.03,49.03,50.00,0.97,P,1024
20261001_131020,TankZeroFill,32.103,49.03,49.03,50.00,0.97,P,1024
20261001_131020,TankZeroFill,32.252,49.03,49.03,50.00,0.97,P,1024
20261001_131020,TankZeroFill,32.399,50.03,50.65,50.00,-0.03,-,0
20261001_131020,TankZeroFill,32.547,51.03,52.89,50.00,-1.03,-,0
20261001_131020,TankZeroFill,32.696,50.03,50.65,50.00,-0.03,-,0
20261001_131020,TankZeroFill,32.843,50.03,50.65,50.00,-0.03,-,0
20261001_131020,TankZeroFill,32.992,50.03,50.65,50.00,-0.03,-,0
20261001_131020,TankZeroFill,33.141,50.03,50.65,50.00,-0.03,-,0
20261001_131020,TankZeroFill,0.109,1.10,1.10,50.00,48.90,P,1024
20261001_131020,TankZeroFill,0.257,0.10,0.10,50.00,49.90,P,1024
20261001_131020,TankZeroFill,0.405,2.10,2.10,50.00,47.90,P,1024
20261001_131020,TankZeroFill,0.554,-0.90,-2.47,50.00,50.90,P,1024
20261001_131020,TankZeroFill,0.702,0.10,-0.49,50.00,49.90,P,1024
20261001_131020,TankZeroFill,0.849,-0.90,-1.85,50.00,50.90,P,1024
20261001_131020,TankZeroFill,0.997,0.10,-0.29,50.00,49.90,P,1024
20261001_131020,TankZeroFill,1.146,-0.90,-1.29,50.00,50.90,P,1024
20261001_131020,TankZeroFill,1.293,-0.90,-2.08,50.00,50.90,P,1024
20261001_131020,TankZeroFill,1.442,0.10,0.72,50.00,49.90,P,1024
20261001_131020,TankZeroFill,1.590,1.10,1.72,50.00,48.90,P,1024
20261001_131020,TankZeroFill,1.738,-0.90,-0.90,50.00,50.90,P,1024
20261001_131020,TankZeroFill,1.886,2.10,3.34,50.00,47.90,P,1024
20261001_131020,TankZeroFill,2.034,3.10,5.58,50.00,46.90,P,1024
20261001_131020,TankZeroFill,2.181,2.10,3.96,50.00,47.90,P,1024
20261001_131020,TankZeroFill,2.329,2.10,3.34,50.00,47.90,P,1024
20261001_131020,TankZeroFill,2.477,3.10,4.34,50.00,46.90,P,1024
20261001_131020,TankZeroFill,2.625,3.10,5.58,50.00,46.90,P,1024
20261001_131020,TankZeroFill,2.773,4.10,5.34,50.00,45.90,P,1024
20261001_131020,TankZeroFill,2.921,7.10,9.58,50.00,42.90,P,1024
20261001_131020,TankZeroFill,3.069,7.10,10.20,50.00,42.90,P,1024
20261001_131020,TankZeroFill,3.217,7.10,10.19,50.00,42.90,P,1024
20261001_131020,TankZeroFill,3.365,6.10,7.96,50.00,43.90,P,1024
20261001_131020,TankZeroFill,3.513,9.10,12.81,50.00,40.90,P,1024
20261001_131020,TankZeroFill,3.661,11.10,15.43,50.00,38.90,P,1024
20261001_131020,TankZeroFill,3.809,12.10,15.20,50.00,37.90,P,1024
20261001_131020,TankZeroFill,3.958,11.10,13.58,50.00,38.90,P,1024
20261001_131020,TankZeroFill,4.106,12.10,15.20,50.00,37.90,P,1024
20261001_131020,TankZeroFill,4.254,13.10,17.43,50.00,36.90,P,1024
20261001_131020,TankZeroFill,4.402,14.10,17.19,50.00,35.90,P,1024
20261001_131020,TankZeroFill,4.551,15.10,17.57,50.00,34.90,P,1024
20261001_131020,TankZeroFill,4.697,16.10,18.58,50.00,33.90,P,1024
20261001_131020,TankZeroFill,4.845,17.10,20.82,50.00,32.90,P,1024
20261001_131020,TankZeroFill,4.994,17.10,20.20,50.00,32.90,P,1024
20261001_131020,TankZeroFill,5.142,19.10,22.81,50.00,30.90,P,1024
20261001_131020,TankZeroFill,5.291,20.10,23.81,50.00,29.90,P,1024
20261001_131020,TankZeroFill,5.439,21.10,24.82,50.00,28.90,P,1024
20261001_131020,TankZeroFill,5.588,23.10,27.42,50.00,26.90,P,1024
20261001_131020,TankZeroFill,5.734,23.10,26.81,50.00,26.90,P,1024
20261001_131020,TankZeroFill,5.883,25.10,30.05,50.00,24.90,P,1024
20261001_131020,TankZeroFill,6.032,25.10,28.81,50.00,24.90,P,1024
20261001_131020,TankZeroFill,6.179,26.10,29.82,50.00,23.90,P,1024
20261001_131020,TankZeroFill,6.326,25.10,27.58,50.00,24.90,P,1024
20261001_131020,TankZeroFill,6.474,28.10,31.20,50.00,21.90,P,1024
20261001_131020,TankZeroFill,6.622,29.10,32.81,50.00,20.90,P,1024
20261001_131020,TankZeroFill,6.771,31.10,34.82,50.00,18.90,P,1024
20261001_131020,TankZeroFill,6.919,30.10,33.20,50.00,19.90,P,1024
20261001_131020,TankZeroFill,7.067,31.10,34.19,50.00,18.90,P,1024
20261001_131020,TankZeroFill,7.215,31.10,34.81,50.00,18.90,P,1024
20261001_131020,TankZeroFill,7.365,34.10,37.81,50.00,15.90,P,1024
20261001_131020,TankZeroFill,7.513,34.10,37.19,50.00,15.90,P,1024
20261001_131020,TankZeroFill,7.661,35.10,37.57,50.00,14.90,P,1024
20261001_131020,TankZeroFill,7.809,36.10,39.81,50.00,13.90,P,1024
20261001_131020,TankZeroFill,7.957,38.10,42.43,50.00,11.90,P,1024
20261001_131020,TankZeroFill,8.105,38.10,42.43,50.00,11.90,P,1024
20261001_131020,TankZeroFill,8.253,39.10,42.20,50.00,10.90,P,1024
20261001_131020,TankZeroFill,8.401,41.10,45.44,50.00,8.90,P,1024
20261001_131020,TankZeroFill,8.549,41.10,44.82,50.00,8.90,P,1024
20261001_131020,TankZeroFill,8.697,42.10,45.82,50.00,7.90,P,1024
20261001_131020,TankZeroFill,8.846,42.10,44.58,50.00,7.90,P,1024
20261001_131020,TankZeroFill,8.992,44.10,47.82,50.00,5.90,P,1024
20261001_131020,TankZeroFill,9.141,44.10,47.20,50.00,5.90,P,1024
20261001_131020,TankZeroFill,9.290,46.10,49.19,50.00,3.90,P,1024
20261001_131020,TankZeroFill,9.438,46.10,49.19,50.00,3.90,P,1024
20261001_131020,TankZeroFill,9.585,48.10,51.82,50.00,1.90,-,0
20261001_131020,TankZeroFill,9.733,48.10,51.82,50.00,1.90,-,0
20261001_131020,TankZeroFill,9.881,50.10,53.81,50.00,-0.10,-,0
20261001_131020,TankZeroFill,10.030,50.10,53.81,50.00,-0.10,-,0
20261001_131020,TankZeroFill,10.178,50.10,52.58,50.00,-0.10,-,0
20261001_131020,TankZeroFill,10.327,50.10,52.58,50.00,-0.10,-,0
20261001_131020,TankZeroFill,10.473,51.10,52.96,50.00,-1.10,-,0
20261001_131020,TankZeroFill,10.622,50.10,51.34,50.00,-0.10,-,0
20261001_131020,TankZeroFill,10.770,50.10,50.10,50.00,-0.10,-,0
20261001_131020,TankZeroFill,10.919,50.10,50.10,50.00,-0.10,-,0
20261001_131020,TankZeroFill,11.066,50.10,50.10,50.00,-0.10,-,0
20261001_131020,TankZeroFill,11.215,51.10,51.72,50.00,-1.10,-,0
20261001_131020,TankZeroFill,11.362,51.10,51.10,50.00,-1.10,-,0
20261001_131020,TankZeroFill,11.510,49.10,48.71,50.00,0.90,P,1024
20261001_131020,TankZeroFill,11.659,50.10,50.10,50.00,-0.10,-,0
20261001_131020,TankZeroFill,11.806,50.10,50.10,50.00,-0.10,-,0
20261001_131020,TankZeroFill,11.955,50.10,50.10,50.00,-0.10,-,0
20261001_131020,TankZeroFill,12.103,50.10,49.71,50.00,-0.10,-,0
20261001_131020,TankZeroFill,12.251,49.10,48.31,50.00,0.90,P,1024
20261001_131020,TankZeroFill,12.400,49.10,49.10,50.00,0.90,P,1024
20261001_131020,TankZeroFill,12.546,51.10,51.72,50.00,-1.10,-,0
20261001_131020,TankZeroFill,12.695,50.10,50.10,50.00,-0.10,-,0
20261001_131020,TankZeroFill,12.844,50.10,50.10,50.00,-0.10,-,0
20261001_131020,TankZeroFill,12.991,49.10,48.71,50.00,0.90,P,1024
20261001_131020,TankZeroFill,13.140,49.10,49.10,50.00,0.90,P,1024
20261001_131020,TankZeroFill,13.289,50.10,50.72,50.00,-0.10,-,0
20261001_131020,TankZeroFill,13.435,49.10,48.31,50.00,0.90,P,1024
20261001_131020,TankZeroFill,13.584,49.10,48.71,50.00,0.90,P,1024
20261001_131020,TankZeroFill,13.733,49.10,48.71,50.00,0.90,P,1024
20261001_131020,TankZeroFill,13.879,50.10,50.72,50.00,-0.10,-,0
20261001_131020,TankZeroFill,14.028,49.10,49.10,50.00,0.90,P,1024
20261001_131020,TankZeroFill,14.177,50.10,50.10,50.00,-0.10,-,0
20261001_131020,TankZeroFill,14.325,49.10,49.10,50.00,0.90,P,1024
20261001_131020,TankZeroFill,14.472,49.10,49.10,50.00,0.90,P,1024
20261001_131020,TankZeroFill,0.109,0.90,0.90,50.00,49.10,P,1024
20261001_131020,TankZeroFill,0.258,-0.10,-0.10,50.00,50.10,P,1024
20261001_131020,TankZeroFill,0.406,-0.10,-0.10,50.00,50.10,P,1024
20261001_131020,TankZeroFill,0.553,-0.10,-0.89,50.00,50.10,P,1024
20261001_131020,TankZeroFill,0.702,-0.10,-0.69,50.00,50.10,P,1024
20261001_131020,TankZeroFill,0.850,0.90,0.90,50.00,49.10,P,1024
20261001_131020,TankZeroFill,0.997,-0.10,-0.49,50.00,50.10,P,1024
20261001_131020,TankZeroFill,1.144,-0.10,-0.10,50.00,50.10,P,1024
20261001_131020,TankZeroFill,1.292,0.90,1.52,50.00,49.10,P,1024
20261001_131020,TankZeroFill,1.441,-0.10,-0.10,50.00,50.10,P,1024
20261001_131020,TankZeroFill,1.589,-1.10,-1.49,50.00,51.10,P,1024
20261001_131020,TankZeroFill,1.737,-1.10,-1.89,50.00,51.10,P,1024
20261001_131020,TankZeroFill,1.885,0.90,1.52,50.00,49.10,P,1024
20261001_131020,TankZeroFill,2.033,1.90,3.14,50.00,48.10,P,1024
20261001_131020,TankZeroFill,2.180,2.90,4.14,50.00,47.10,P,1024
20261001_131020,TankZeroFill,2.330,1.90,3.14,50.00,48.10,P,1024
20261001_131020,TankZeroFill,2.478,0.90,2.14,50.00,49.10,P,1024
20261001_131020,TankZeroFill,2.624,3.90,7.00,50.00,46.10,P,1024
20261001_131020,TankZeroFill,2.773,4.90,7.38,50.00,45.10,P,1024
20261001_131020,TankZeroFill,2.921,5.90,8.38,50.00,44.10,P,1024
20261001_131020,TankZeroFill,3.070,6.90,9.37,50.00,43.10,P,1024
20261001_131020,TankZeroFill,3.216,7.90,11.63,50.00,42.10,P,1024
20261001_131020,TankZeroFill,3.364,7.90,12.24,50.00,42.10,P,1024
20261001_131020,TankZeroFill,3.513,6.90,8.76,50.00,43.10,P,1024
20261001_131020,TankZeroFill,3.661,9.90,13.00,50.00,40.10,P,1024
20261001_131020,TankZeroFill,3.809,9.90,12.38,50.00,40.10,P,1024
20261001_131020,TankZeroFill,3.955,9.90,11.76,50.00,40.10,P,1024
20261001_131020,TankZeroFill,4.104,11.90,14.38,50.00,38.10,P,1024
20261001_131020,TankZeroFill,4.252,12.90,16.00,50.00,37.10,P,1024
20261001_131020,TankZeroFill,4.401,14.90,19.86,50.00,35.10,P,1024
20261001_131020,TankZeroFill,4.549,14.90,18.00,50.00,35.10,P,1024
20261001_131020,TankZeroFill,4.698,14.90,17.99,50.00,35.10,P,1024
20261001_131020,TankZeroFill,4.844,14.90,17.99,50.00,35.10,P,1024
20261001_131020,TankZeroFill,4.993,18.90,23.23,50.00,31.10,P,1024
20261001_131020,TankZeroFill,5.141,17.90,21.00,50.00,32.10,P,1024
20261001_131020,TankZeroFill,5.290,16.90,18.14,50.00,33.10,P,1024
20261001_131020,TankZeroFill,5.438,20.90,24.61,50.00,29.10,P,1024
20261001_131020,TankZeroFill,5.586,21.90,26.23,50.00,28.10,P,1024
20261001_131020,TankZeroFill,5.735,22.90,27.84,50.00,27.10,P,1024
20261001_131020,TankZeroFill,5.881,21.90,23.76,50.00,28.10,P,1024
20261001_131020,TankZeroFill,6.029,23.90,27.61,50.00,26.10,P,1024
20261001_131020,TankZeroFill,6.177,24.90,29.86,50.00,25.10,P,1024
20261001_131020,TankZeroFill,6.325,25.90,29.00,50.00,24.10,P,1024
20261001_131020,TankZeroFill,6.473,25.90,28.38,50.00,24.10,P,1024
20261001_131020,TankZeroFill,6.622,28.90,32.62,50.00,21.10,P,1024
20261001_131020,TankZeroFill,6.770,27.90,31.61,50.00,22.10,P,1024
20261001_131020,TankZeroFill,6.918,29.90,33.61,50.00,20.10,P,1024
20261001_131020,TankZeroFill,7.066,29.90,32.99,50.00,20.10,P,1024
20261001_131020,TankZeroFill,7.215,32.90,37.22,50.00,17.10,P,1024
20261001_131020,TankZeroFill,7.363,31.90,35.61,50.00,18.10,P,1024
20261001_131020,TankZeroFill,7.512,32.90,35.37,50.00,17.10,P,1024
20261001_131020,TankZeroFill,7.658,34.90,39.23,50.00,15.10,P,1024
20261001_131020,TankZeroFill,7.807,34.90,38.00,50.00,15.10,P,1024
20261001_131020,TankZeroFill,7.955,35.90,39.61,50.00,14.10,P,1024
20261001_131020,TankZeroFill,8.103,35.90,37.76,50.00,14.10,P,1024
20261001_131020,TankZeroFill,8.252,38.90,43.23,50.00,11.10,P,1024
20261001_131020,TankZeroFill,8.400,37.90,40.99,50.00,12.10,P,1024
20261001_131020,TankZeroFill,8.547,38.90,41.38,50.00,11.10,P,1024
20261001_131020,TankZeroFill,8.695,40.90,44.61,50.00,9.10,P,1024
20261001_131020,TankZeroFill,8.844,41.90,45.61,50.00,8.10,P,1024
20261001_131020,TankZeroFill,8.992,42.90,47.23,50.00,7.10,P,1024
20261001_131020,TankZeroFill,9.140,42.90,45.38,50.00,7.10,P,1024
20261001_131020,TankZeroFill,9.289,44.90,49.23,50.00,5.10,P,1024
20261001_131020,TankZeroFill,9.437,44.90,48.61,50.00,5.10,P,1024
20261001_131020,TankZeroFill,9.585,46.90,50.61,50.00,3.10,-,0
20261001_131020,TankZeroFill,9.733,47.90,51.61,50.00,2.10,-,0
20261001_131020,TankZeroFill,9.879,46.90,49.38,50.00,3.10,P,1024
20261001_131020,TankZeroFill,10.029,48.90,52.61,50.00,1.10,-,0
20261001_131020,TankZeroFill,10.178,48.90,51.37,50.00,1.10,-,0
20261001_131020,TankZeroFill,10.324,49.90,53.00,50.00,0.10,-,0
20261001_131020,TankZeroFill,10.472,48.90,50.14,50.00,1.10,-,0
20261001_131020,TankZeroFill,10.620,49.90,51.14,50.00,0.10,-,0
20261001_131020,TankZeroFill,10.768,49.90,51.76,50.00,0.10,-,0
20261001_131020,TankZeroFill,10.917,49.90,50.52,50.00,0.10,-,0
20261001_131020,TankZeroFill,11.066,48.90,48.90,50.00,1.10,P,1024
20261001_131020,TankZeroFill,11.214,48.90,48.51,50.00,1.10,P,1024
20261001_131020,TankZeroFill,11.362,48.90,48.90,50.00,1.10,P,1024
20261001_131020,TankZeroFill,11.509,49.90,49.90,50.00,0.10,-,0
20261001_131020,TankZeroFill,11.658,50.90,51.52,50.00,-0.90,-,0
20261001_131020,TankZeroFill,11.806,50.90,51.52,50.00,-0.90,-,0
20261001_131020,TankZeroFill,11.954,49.90,50.52,50.00,0.10,-,0
20261001_131020,TankZeroFill,12.102,50.90,52.14,50.00,-0.90,-,0
20261001_131020,TankZeroFill,12.249,50.90,52.14,50.00,-0.90,-,0
20261001_131020,TankZeroFill,12.397,49.90,49.90,50.00,0.10,-,0
20261001_131020,TankZeroFill,12.547,49.90,49.51,50.00,0.10,P,1024
20261001_131020,TankZeroFill,12.694,49.90,49.51,50.00,0.10,P,1024
20261001_131020,TankZeroFill,12.842,49.90,49.90,50.00,0.10,-,0
20261001_131020,TankZeroFill,12.991,48.90,48.11,50.00,1.10,P,1024
20261001_131020,TankZeroFill,0.109,-0.07,-0.07,50.00,50.07,P,1024
20261001_131020,TankZeroFill,0.258,0.93,0.93,50.00,49.07,P,1024
20261001_131020,TankZeroFill,0.405,-0.07,-0.07,50.00,50.07,P,1024
20261001_131020,TankZeroFill,0.554,-0.07,-0.07,50.00,50.07,P,1024
20261001_131020,TankZeroFill,0.701,-1.07,-1.66,50.00,51.07,P,1024
20261001_131020,TankZeroFill,0.850,0.93,1.68,50.00,49.07,P,1024
20261001_131020,TankZeroFill,0.997,-0.07,-0.07,50.00,50.07,P,1024
20261001_131020,TankZeroFill,1.146,-0.07,-0.46,50.00,50.07,P,1024
20261001_131020,TankZeroFill,1.294,-0.07,-0.07,50.00,50.07,P,1024
20261001_131020,TankZeroFill,1.441,-1.07,-1.46,50.00,51.07,P,1024
20261001_131020,TankZeroFill,1.589,0.93,2.17,50.00,49.07,P,1024
20261001_131020,TankZeroFill,1.738,-0.07,-0.46,50.00,50.07,P,1024
20261001_131020,TankZeroFill,1.884,-1.07,-1.46,50.00,51.07,P,1024
20261001_131020,TankZeroFill,2.033,1.93,3.17,50.00,48.07,P,1024
20261001_131020,TankZeroFill,2.181,3.93,6.41,50.00,46.07,P,1024
20261001_131020,TankZeroFill,2.328,1.93,3.79,50.00,48.07,P,1024
20261001_131020,TankZeroFill,2.477,2.93,4.17,50.00,47.07,P,1024
20261001_131020,TankZeroFill,2.625,3.93,6.41,50.00,46.07,P,1024
20261001_131020,TankZeroFill,2.772,4.93,8.65,50.00,45.07,P,1024
20261001_131020,TankZeroFill,2.921,4.93,6.79,50.00,45.07,P,1024
20261001_131020,TankZeroFill,3.068,6.93,8.79,50.00,43.07,P,1024
20261001_131020,TankZeroFill,3.216,8.93,13.27,50.00,41.07,P,1024
20261001_131020,TankZeroFill,3.365,7.93,11.03,50.00,42.07,P,1024
20261001_131020,TankZeroFill,3.514,8.93,12.03,50.00,41.07,P,1024
20261001_131020,TankZeroFill,3.662,8.93,11.41,50.00,41.07,P,1024
20261001_131020,TankZeroFill,3.808,9.93,13.03,50.00,40.07,P,1024
20261001_131020,TankZeroFill,3.957,10.93,13.41,50.00,39.07,P,1024
20261001_131020,TankZeroFill,4.105,10.93,12.17,50.00,39.07,P,1024
20261001_131020,TankZeroFill,4.254,12.93,16.03,50.00,37.07,P,1024
20261001_131020,TankZeroFill,4.402,13.93,17.03,50.00,36.07,P,1024
20261001_131020,TankZeroFill,4.548,14.93,18.66,50.00,35.07,P,1024
20261001_131020,TankZeroFill,4.697,15.93,19.65,50.00,34.07,P,1024
20261001_131020,TankZeroFill,4.845,14.93,17.41,50.00,35.07,P,1024
20261001_131020,TankZeroFill,4.994,16.93,20.65,50.00,33.07,P,1024
20261001_131020,TankZeroFill,5.140,15.93,17.79,50.00,34.07,P,1024
20261001_131020,TankZeroFill,5.289,19.93,23.65,50.00,30.07,P,1024
20261001_131020,TankZeroFill,5.437,18.93,21.41,50.00,31.07,P,1024
20261001_131020,TankZeroFill,5.586,20.93,24.03,50.00,29.07,P,1024
20261001_131020,TankZeroFill,5.734,22.93,27.88,50.00,27.07,P,1024
20261001_131020,TankZeroFill,5.882,22.93,26.65,50.00,27.07,P,1024
20261001_131020,TankZeroFill,6.029,25.93,32.12,50.00,24.07,P,1024
20261001_131020,TankZeroFill,6.178,26.93,31.26,50.00,23.07,P,1024
20261001_131020,TankZeroFill,6.326,27.93,33.51,50.00,22.07,P,1024
20261001_131020,TankZeroFill,6.474,28.93,33.89,50.00,21.07,P,1024
20261001_131020,TankZeroFill,6.622,28.93,32.65,50.00,21.07,P,1024
20261001_131020,TankZeroFill,6.770,29.93,34.27,50.00,20.07,P,1024
20261001_131020,TankZeroFill,6.918,29.93,32.41,50.00,20.07,P,1024
20261001_131020,TankZeroFill,7.065,31.93,35.03,50.00,18.07,P,1024
20261001_131020,TankZeroFill,7.215,32.93,36.03,50.00,17.07,P,1024
20261001_131020,TankZeroFill,7.362,33.93,37.03,50.00,16.07,P,1024
20261001_131020,TankZeroFill,7.511,33.93,37.03,50.00,16.07,P,1024
20261001_131020,TankZeroFill,7.660,35.93,39.64,50.00,14.07,P,1024
20261001_131020,TankZeroFill,7.806,36.93,41.27,50.00,13.07,P,1024
20261001_131020,TankZeroFill,7.955,36.93,40.02,50.00,13.07,P,1024
20261001_131020,TankZeroFill,8.104,37.93,41.03,50.00,12.07,P,1024
20261001_131020,TankZeroFill,8.251,38.93,42.03,50.00,11.07,P,1024
20261001_131020,TankZeroFill,8.400,39.93,43.65,50.00,10.07,P,1024
20261001_131020,TankZeroFill,8.546,40.93,44.03,50.00,9.07,P,1024
20261001_131020,TankZeroFill,8.695,40.93,43.41,50.00,9.07,P,1024
20261001_131020,TankZeroFill,8.844,41.93,45.03,50.00,8.07,P,1024
20261001_131020,TankZeroFill,8.991,42.93,46.03,50.00,7.07,P,1024
20261001_131020,TankZeroFill,9.140,42.93,45.41,50.00,7.07,P,1024
20261001_131020,TankZeroFill,9.288,44.93,48.03,50.00,5.07,P,1024
20261001_131020,TankZeroFill,9.435,43.93,45.79,50.00,6.07,P,1024
20261001_131020,TankZeroFill,9.584,45.93,49.03,50.00,4.07,P,1024
20261001_131020,TankZeroFill,9.733,46.93,50.03,50.00,3.07,-,0
20261001_131020,TankZeroFill,9.879,46.93,49.41,50.00,3.07,P,1024
20261001_131020,TankZeroFill,10.028,49.93,54.27,50.00,0.07,-,0
20261001_131020,TankZeroFill,10.177,50.93,54.65,50.00,-0.93,-,0
20261001_131020,TankZeroFill,10.324,50.93,55.26,50.00,-0.93,-,0
20261001_131020,TankZeroFill,10.472,50.93,54.03,50.00,-0.93,-,0
20261001_131020,TankZeroFill,10.621,52.93,56.65,50.00,-2.93,-,0
20261001_131020,TankZeroFill,10.770,53.93,58.26,50.00,-3.93,-,0
20261001_131020,TankZeroFill,10.916,53.93,56.41,50.00,-3.93,-,0
20261001_131020,TankZeroFill,11.064,50.93,50.93,50.00,-0.93,-,0
20261001_131020,TankZeroFill,11.213,51.93,52.55,50.00,-1.93,-,0
20261001_131020,TankZeroFill,11.362,50.93,50.93,50.00,-0.93,-,0
20261001_131020,TankZeroFill,11.508,50.93,50.14,50.00,-0.93,-,0
20261001_131020,TankZeroFill,11.657,51.93,51.14,50.00,-1.93,-,0
20261001_131020,TankZeroFill,11.806,50.93,49.75,50.00,-0.93,-,0
20261001_131020,TankZeroFill,11.953,50.93,50.93,50.00,-0.93,-,0
20261001_131020,TankZeroFill,12.102,49.93,49.15,50.00,0.07,P,1024
20261001_131020,TankZeroFill,12.251,52.93,54.17,50.00,-2.93,-,0
20261001_131020,TankZeroFill,12.399,49.93,49.54,50.00,0.07,P,1024
20261001_131020,TankZeroFill,12.545,50.93,50.54,50.00,-0.93,-,0
20261001_131020,TankZeroFill,12.695,50.93,50.93,50.00,-0.93,-,0
20261001_131020,TankZeroFill,12.843,50.93,50.93,50.00,-0.93,-,0
20261001_131020,TankZeroFill,12.991,51.93,53.17,50.00,-1.93,-,0
20261001_131020,TankZeroFill,13.139,50.93,50.15,50.00,-0.93,-,0
20261001_131020,TankZeroFill,13.287,50.93,51.55,50.00,-0.93,-,0
20261001_131020,TankZeroFill,13.435,50.93,50.93,50.00,-0.93,-,0
20261001_131020,TankZeroFill,13.584,49.93,49.54,50.00,0.07,P,1024
20261001_131020,TankZeroFill,13.732,50.93,50.93,50.00,-0.93,-,0
20261001_131020,TankZeroFill,13.880,50.93,50.54,50.00,-0.93,-,0
20261001_131020,TankZeroFill,14.028,51.93,52.55,50.00,-1.93,-,0
20261001_131020,TankZeroFill,14.176,51.93,52.55,50.00,-1.93,-,0
20261001_131020,TankZeroFill,14.322,51.93,52.55,50.00,-1.93,-,0
20261001_131020,TankZeroFill,14.471,51.93,53.17,50.00,-1.93,-,0
20261001_131020,TankZeroFill,14.620,50.93,50.93,50.00,-0.93,-,0
20261001_131020,TankZeroFill,14.768,50.93,50.93,50.00,-0.93,-,0
20261001_131020,TankZeroFill,14.917,51.93,51.93,50.00,-1.93,-,0
20261001_131020,TankZeroFill,15.063,51.93,51.93,50.00,-1.93,-,0
20261001_131020,TankZeroFill,15.212,50.93,50.54,50.00,-0.93,-,0
20261001_131020,TankZeroFill,0.109,0.27,0.27,50.00,49.73,P,1024
20261001_131020,TankZeroFill,0.257,0.27,0.27,50.00,49.73,P,1024
20261001_131020,TankZeroFill,0.406,0.27,0.27,50.00,49.73,P,1024
20261001_131020,TankZeroFill,0.554,-0.73,-1.52,50.00,50.73,P,1024
20261001_131020,TankZeroFill,0.701,0.27,0.27,50.00,49.73,P,1024
20261001_131020,TankZeroFill,0.850,-0.73,-1.21,50.00,50.73,P,1024
20261001_131020,TankZeroFill,0.998,1.27,1.88,50.00,48.73,P,1024
20261001_131020,TankZeroFill,1.146,-0.73,-1.13,50.00,50.73,P,1024
20261001_131020,TankZeroFill,1.293,-1.73,-2.52,50.00,51.73,P,1024
20261001_131020,TankZeroFill,1.442,-1.73,-2.13,50.00,51.73,P,1024
20261001_131020,TankZeroFill,1.589,0.27,0.27,50.00,49.73,P,1024
20261001_131020,TankZeroFill,1.737,-1.73,-2.13,50.00,51.73,P,1024
20261001_131020,TankZeroFill,1.884,0.27,-0.13,50.00,49.73,P,1024
20261001_131020,TankZeroFill,2.033,1.27,2.51,50.00,48.73,P,1024
20261001_131020,TankZeroFill,2.180,1.27,3.13,50.00,48.73,P,1024
20261001_131020,TankZeroFill,2.329,1.27,3.13,50.00,48.73,P,1024
20261001_131020,TankZeroFill,2.478,1.27,1.89,50.00,48.73,P,1024
20261001_131020,TankZeroFill,2.624,0.27,1.51,50.00,49.73,P,1024
20261001_131020,TankZeroFill,2.773,3.27,5.12,50.00,46.73,P,1024
20261001_131020,TankZeroFill,2.920,5.27,7.75,50.00,44.73,P,1024
20261001_131020,TankZeroFill,3.069,8.27,12.60,50.00,41.73,P,1024
20261001_131020,TankZeroFill,3.217,7.27,10.98,50.00,42.73,P,1024
20261001_131020,TankZeroFill,3.364,8.27,12.61,50.00,41.73,P,1024
20261001_131020,TankZeroFill,3.512,9.27,14.84,50.00,40.73,P,1024
20261001_131020,TankZeroFill,3.661,8.27,11.36,50.00,41.73,P,1024
20261001_131020,TankZeroFill,3.808,9.27,11.74,50.00,40.73,P,1024
20261001_131020,TankZeroFill,3.957,11.27,13.12,50.00,38.73,P,1024
20261001_131020,TankZeroFill,4.103,10.27,12.13,50.00,39.73,P,1024
20261001_131020,TankZeroFill,4.251,13.27,16.37,50.00,36.73,P,1024
20261001_131020,TankZeroFill,4.399,13.27,15.75,50.00,36.73,P,1024
20261001_131020,TankZeroFill,4.549,14.27,17.98,50.00,35.73,P,1024
20261001_131020,TankZeroFill,4.696,16.27,20.61,50.00,33.73,P,1024
20261001_131020,TankZeroFill,4.844,15.27,17.75,50.00,34.73,P,1024
20261001_131020,TankZeroFill,4.992,17.27,21.60,50.00,32.73,P,1024
20261001_131020,TankZeroFill,5.141,20.27,24.60,50.00,29.73,P,1024
20261001_131020,TankZeroFill,5.289,23.27,29.45,50.00,26.73,P,1024
20261001_131020,TankZeroFill,5.436,24.27,30.47,50.00,25.73,P,1024
20261001_131020,TankZeroFill,5.584,22.27,25.98,50.00,27.73,P,1024
20261001_131020,TankZeroFill,5.733,24.27,29.83,50.00,25.73,P,1024
20261001_131020,TankZeroFill,5.881,28.27,35.07,50.00,21.73,P,1024
20261001_131020,TankZeroFill,6.029,25.27,28.36,50.00,24.73,P,1024
20261001_131020,TankZeroFill,6.178,26.27,28.12,50.00,23.73,P,1024
20261001_131020,TankZeroFill,6.326,28.27,30.74,50.00,21.73,P,1024
20261001_131020,TankZeroFill,6.474,27.27,30.36,50.00,22.73,P,1024
20261001_131020,TankZeroFill,6.622,29.27,32.36,50.00,20.73,P,1024
20261001_131020,TankZeroFill,6.770,30.27,31.50,50.00,19.73,P,1024
20261001_131020,TankZeroFill,6.918,29.27,31.74,50.00,20.73,P,1024
20261001_131020,TankZeroFill,7.066,31.27,34.36,50.00,18.73,P,1024
20261001_131020,TankZeroFill,7.215,32.27,34.74,50.00,17.73,P,1024
20261001_131020,TankZeroFill,7.361,32.27,35.37,50.00,17.73,P,1024
20261001_131020,TankZeroFill,7.509,33.27,35.75,50.00,16.73,P,1024
20261001_131020,TankZeroFill,7.658,34.27,36.74,50.00,15.73,P,1024
20261001_131020,TankZeroFill,7.806,36.27,40.60,50.00,13.73,P,1024
20261001_131020,TankZeroFill,7.954,37.27,40.98,50.00,12.73,P,1024
20261001_131020,TankZeroFill,8.103,37.27,40.36,50.00,12.73,P,1024
20261001_131020,TankZeroFill,8.251,39.27,43.59,50.00,10.73,P,1024
20261001_131020,TankZeroFill,8.399,40.27,44.59,50.00,9.73,P,1024
20261001_131020,TankZeroFill,8.547,43.27,48.83,50.00,6.73,P,1024
20261001_131020,TankZeroFill,8.694,44.27,49.22,50.00,5.73,P,1024
20261001_131020,TankZeroFill,8.843,44.27,48.60,50.00,5.73,P,1024
20261001_131020,TankZeroFill,8.991,45.27,50.22,50.00,4.73,-,0
20261001_131020,TankZeroFill,9.140,45.27,48.98,50.00,4.73,P,1024
20261001_131020,TankZeroFill,9.286,47.27,51.61,50.00,2.73,-,0
20261001_131020,TankZeroFill,9.434,46.27,48.13,50.00,3.73,P,1024
20261001_131020,TankZeroFill,9.583,50.27,53.98,50.00,-0.27,-,0
20261001_131020,TankZeroFill,9.731,56.27,63.70,50.00,-6.27,-,0
20261001_131020,TankZeroFill,9.878,50.27,53.37,50.00,-0.27,-,0
20261001_131020,TankZeroFill,10.027,51.27,54.99,50.00,-1.27,-,0
20261001_131020,TankZeroFill,10.175,48.27,48.89,50.00,1.73,P,1024
20261001_131020,TankZeroFill,10.323,47.27,47.89,50.00,2.73,P,1024
20261001_131020,TankZeroFill,10.471,49.27,48.87,50.00,0.73,P,1024
20261001_131020,TankZeroFill,10.619,50.27,47.90,50.00,-0.27,P,1024
20261001_131020,TankZeroFill,10.767,50.27,50.27,50.00,-0.27,-,0
20261001_131020,TankZeroFill,10.915,49.27,48.48,50.00,0.73,P,1024
20261001_131020,TankZeroFill,11.063,49.27,49.89,50.00,0.73,-,0
20261001_131020,TankZeroFill,11.212,49.27,50.50,50.00,0.73,-,0
20261001_131020,TankZeroFill,11.360,49.27,49.27,50.00,0.73,P,1024
20261001_131020,TankZeroFill,11.509,50.27,50.27,50.00,-0.27,-,0
20261001_131020,TankZeroFill,11.656,49.27,48.87,50.00,0.73,P,1024
20261001_131020,TankZeroFill,11.804,50.27,50.89,50.00,-0.27,-,0
20261001_131020,TankZeroFill,11.952,49.27,49.27,50.00,0.73,P,1024
20261001_131020,TankZeroFill,12.100,48.27,47.87,50.00,1.73,P,1024
20261001_131020,TankZeroFill,12.248,50.27,50.89,50.00,-0.27,-,0
20261001_131020,TankZeroFill,12.395,51.27,51.89,50.00,-1.27,-,0
20261001_131020,TankZeroFill,12.543,50.27,50.89,50.00,-0.27,-,0
20261001_131020,TankZeroFill,12.692,50.27,50.27,50.00,-0.27,-,0
20261001_131020,TankZeroFill,12.840,51.27,52.51,50.00,-1.27,-,0
20261001_131020,TankZeroFill,12.988,51.27,53.13,50.00,-1.27,-,0
20261001_131020,TankZeroFill,13.136,49.27,48.87,50.00,0.73,P,1024
20261001_131020,TankZeroFill,0.109,0.53,0.53,100.00,99.47,P,1024
20261001_131020,TankZeroFill,0.257,1.53,1.53,100.00,98.47,P,1024
20261001_131020,TankZeroFill,0.405,0.53,0.53,100.00,99.47,P,1024
20261001_131020,TankZeroFill,0.554,-0.47,-1.25,100.00,100.47,P,1024
20261001_131020,TankZeroFill,0.702,0.53,0.53,100.00,99.47,P,1024
20261001_131020,TankZeroFill,0.849,0.53,0.53,100.00,99.47,P,1024
20261001_131020,TankZeroFill,0.999,0.53,0.53,100.00,99.47,P,1024
20261001_131020,TankZeroFill,1.146,0.53,0.14,100.00,99.47,P,1024
20261001_131020,TankZeroFill,1.295,-1.47,-2.25,100.00,101.47,P,1024
20261001_131020,TankZeroFill,1.441,-0.47,-0.47,100.00,100.47,P,1024
20261001_131020,TankZeroFill,1.590,0.53,0.53,100.00,99.47,P,1024
20261001_131020,TankZeroFill,1.738,0.53,0.53,100.00,99.47,P,1024
20261001_131020,TankZeroFill,1.886,0.53,0.53,100.00,99.47,P,1024
20261001_131020,TankZeroFill,2.035,1.53,2.15,100.00,98.47,P,1024
20261001_131020,TankZeroFill,2.183,1.53,3.39,100.00,98.47,P,1024
20261001_131020,TankZeroFill,2.330,1.53,2.77,100.00,98.47,P,1024
20261001_131020,TankZeroFill,2.479,1.53,2.15,100.00,98.47,P,1024
20261001_131020,TankZeroFill,2.626,1.53,2.15,100.00,98.47,P,1024
20261001_131020,TankZeroFill,2.774,2.53,3.77,100.00,97.47,P,1024
20261001_131020,TankZeroFill,2.923,6.53,9.63,100.00,93.47,P,1024
20261001_131020,TankZeroFill,3.071,8.53,12.87,100.00,91.47,P,1024
20261001_131020,TankZeroFill,3.219,9.53,14.48,100.00,90.47,P,1024
20261001_131020,TankZeroFill,3.368,8.53,12.86,100.00,91.47,P,1024
20261001_131020,TankZeroFill,3.515,8.53,12.86,100.00,91.47,P,1024
20261001_131020,TankZeroFill,3.663,10.53,15.48,100.00,89.47,P,1024
20261001_131020,TankZeroFill,3.812,11.53,14.63,100.00,88.47,P,1024
20261001_131020,TankZeroFill,3.960,14.53,18.24,100.00,85.47,P,1024
20261001_131020,TankZeroFill,4.107,14.53,17.63,100.00,85.47,P,1024
20261001_131020,TankZeroFill,4.255,11.53,13.39,100.00,88.47,P,1024
20261001_131020,TankZeroFill,4.404,14.53,18.24,100.00,85.47,P,1024
20261001_131020,TankZeroFill,4.552,16.53,20.24,100.00,83.47,P,1024
20261001_131020,TankZeroFill,4.700,17.53,21.25,100.00,82.47,P,1024
20261001_131020,TankZeroFill,4.847,15.53,16.15,100.00,84.47,P,1024
20261001_131020,TankZeroFill,4.995,18.53,21.01,100.00,81.47,P,1024
20261001_131020,TankZeroFill,5.143,18.53,22.87,100.00,81.47,P,1024
20261001_131020,TankZeroFill,5.291,21.53,25.87,100.00,78.47,P,1024
20261001_131020,TankZeroFill,5.439,20.53,23.01,100.00,79.47,P,1024
20261001_131020,TankZeroFill,5.588,19.53,20.77,100.00,80.47,P,1024
20261001_131020,TankZeroFill,5.736,22.53,26.86,100.00,77.47,P,1024
20261001_131020,TankZeroFill,5.884,21.53,23.39,100.00,78.47,P,1024
20261001_131020,TankZeroFill,6.033,24.53,28.24,100.00,75.47,P,1024
20261001_131020,TankZeroFill,6.181,25.53,28.01,100.00,74.47,P,1024
20261001_131020,TankZeroFill,6.329,25.53,28.62,100.00,74.47,P,1024
20261001_131020,TankZeroFill,6.478,27.53,32.48,100.00,72.47,P,1024
20261001_131020,TankZeroFill,6.625,28.53,32.24,100.00,71.47,P,1024
20261001_131020,TankZeroFill,6.774,29.53,34.48,100.00,70.47,P,1024
20261001_131020,TankZeroFill,6.922,31.53,35.87,100.00,68.47,P,1024
20261001_131020,TankZeroFill,7.070,30.53,33.63,100.00,69.47,P,1024
20261001_131020,TankZeroFill,7.216,31.53,35.25,100.00,68.47,P,1024
20261001_131020,TankZeroFill,7.365,33.53,37.25,100.00,66.47,P,1024
20261001_131020,TankZeroFill,7.513,34.53,38.25,100.00,65.47,P,1024
20261001_131020,TankZeroFill,7.662,35.53,39.25,100.00,64.47,P,1024
20261001_131020,TankZeroFill,7.810,36.53,39.63,100.00,63.47,P,1024
20261001_131020,TankZeroFill,7.957,36.53,40.25,100.00,63.47,P,1024
20261001_131020,TankZeroFill,8.106,35.53,38.01,100.00,64.47,P,1024
20261001_131020,TankZeroFill,8.254,37.53,40.01,100.00,62.47,P,1024
20261001_131020,TankZeroFill,8.403,40.53,44.24,100.00,59.47,P,1024
20261001_131020,TankZeroFill,8.551,39.53,42.01,100.00,60.47,P,1024
20261001_131020,TankZeroFill,8.699,40.53,43.01,100.00,59.47,P,1024
20261001_131020,TankZeroFill,8.847,42.53,46.24,100.00,57.47,P,1024
20261001_131020,TankZeroFill,8.994,42.53,46.87,100.00,57.47,P,1024
20261001_131020,TankZeroFill,9.142,43.53,47.25,100.00,56.47,P,1024
20261001_131020,TankZeroFill,9.290,45.53,48.63,100.00,54.47,P,1024
20261001_131020,TankZeroFill,9.439,44.53,47.63,100.00,55.47,P,1024
20261001_131020,TankZeroFill,9.587,45.53,48.63,100.00,54.47,P,1024
20261001_131020,TankZeroFill,9.736,47.53,50.63,100.00,52.47,P,1024
20261001_131020,TankZeroFill,9.883,50.53,55.48,100.00,49.47,P,1024
20261001_131020,TankZeroFill,10.032,51.53,56.48,100.00,48.47,P,1024
20261001_131020,TankZeroFill,10.180,51.53,55.24,100.00,48.47,P,1024
20261001_131020,TankZeroFill,10.328,53.53,59.10,100.00,46.47,P,1024
20261001_131020,TankZeroFill,10.477,51.53,55.24,100.00,48.47,P,1024
20261001_131020,TankZeroFill,10.625,54.53,58.87,100.00,45.47,P,1024
20261001_131020,TankZeroFill,10.771,55.53,58.63,100.00,44.47,P,1024
20261001_131020,TankZeroFill,10.920,54.53,56.39,100.00,45.47,P,1024
20261001_131020,TankZeroFill,11.068,56.53,59.63,100.00,43.47,P,1024
20261001_131020,TankZeroFill,11.217,58.53,61.63,100.00,41.47,P,1024
20261001_131020,TankZeroFill,11.365,58.53,62.87,100.00,41.47,P,1024
20261001_131020,TankZeroFill,11.513,58.53,61.01,100.00,41.47,P,1024
20261001_131020,TankZeroFill,11.661,59.53,62.01,100.00,40.47,P,1024
20261001_131020,TankZeroFill,11.809,61.53,65.86,100.00,38.47,P,1024
20261001_131020,TankZeroFill,11.958,63.53,67.86,100.00,36.47,P,1024
20261001_131020,TankZeroFill,12.106,62.53,65.01,100.00,37.47,P,1024
20261001_131020,TankZeroFill,12.252,63.53,66.63,100.00,36.47,P,1024
20261001_131020,TankZeroFill,12.402,65.53,69.86,100.00,34.47,P,1024
20261001_131020,TankZeroFill,12.549,66.53,70.87,100.00,33.47,P,1024
20261001_131020,TankZeroFill,12.697,69.53,74.49,100.00,30.47,P,1024
20261001_131020,TankZeroFill,12.846,68.53,71.63,100.00,31.47,P,1024
20261001_131020,TankZeroFill,12.993,68.53,72.26,100.00,31.47,P,1024
20261001_131020,TankZeroFill,13.142,71.53,76.48,100.00,28.47,P,1024
20261001_131020,TankZeroFill,13.290,71.53,75.25,100.00,28.47,P,1024
20261001_131020,TankZeroFill,13.437,71.53,74.63,100.00,28.47,P,1024
20261001_131020,TankZeroFill,13.586,72.53,74.39,100.00,27.47,P,1024
20261001_131020,TankZeroFill,13.735,73.53,76.63,100.00,26.47,P,1024
20261001_131020,TankZeroFill,13.881,74.53,78.25,100.00,25.47,P,1024
20261001_131020,TankZeroFill,14.030,75.53,78.01,100.00,24.47,P,1024
20261001_131020,TankZeroFill,14.179,76.53,79.63,100.00,23.47,P,1024
20261001_131020,TankZeroFill,14.326,76.53,79.63,100.00,23.47,P,1024
20261001_131020,TankZeroFill,14.475,78.53,82.25,100.00,21.47,P,1024
20261001_131020,TankZeroFill,14.623,79.53,83.25,100.00,20.47,P,1024
20261001_131020,TankZeroFill,14.772,81.53,85.86,100.00,18.47,P,1024
20261001_131020,TankZeroFill,14.918,80.53,83.63,100.00,19.47,P,1024
20261001_131020,TankZeroFill,15.067,79.53,81.39,100.00,20.47,P,1024
20261001_131020,TankZeroFill,15.216,84.53,89.48,100.00,15.47,P,1024
20261001_131020,TankZeroFill,15.362,83.53,86.63,100.00,16.47,P,1024
20261001_131020,TankZeroFill,15.511,82.53,84.39,100.00,17.47,P,1024
20261001_131020,TankZeroFill,15.660,85.53,88.01,100.00,14.47,P,1024
20261001_131020,TankZeroFill,15.808,86.53,90.24,100.00,13.47,P,1024
20261001_131020,TankZeroFill,15.957,85.53,89.24,100.00,14.47,P,1024
20261001_131020,TankZeroFill,16.103,87.53,89.39,100.00,12.47,P,1024
20261001_131020,TankZeroFill,16.252,89.53,93.24,100.00,10.47,P,1024
20261001_131020,TankZeroFill,16.400,89.53,93.86,100.00,10.47,P,1024
20261001_131020,TankZeroFill,16.547,92.53,96.87,100.00,7.47,P,1024
20261001_131020,TankZeroFill,16.696,91.53,94.63,100.00,8.47,P,1024
20261001_131020,TankZeroFill,16.844,92.53,96.87,100.00,7.47,P,1024
20261001_131020,TankZeroFill,16.991,94.53,98.87,100.00,5.47,P,1024
20261001_131020,TankZeroFill,17.140,95.53,99.25,100.00,4.47,P,1024
20261001_131020,TankZeroFill,17.289,96.53,100.87,100.00,3.47,-,0
20261001_131020,TankZeroFill,17.437,95.53,97.39,100.00,4.47,P,1024
20261001_131020,TankZeroFill,17.584,97.53,101.25,100.00,2.47,-,0
20261001_131020,TankZeroFill,17.733,98.53,102.25,100.00,1.47,-,0
20261001_131020,TankZeroFill,17.881,98.53,101.01,100.00,1.47,-,0
20261001_131020,TankZeroFill,18.029,103.53,108.48,100.00,-3.53,-,0
20261001_131020,TankZeroFill,18.176,103.53,107.87,100.00,-3.53,-,0
20261001_131020,TankZeroFill,18.324,101.53,105.25,100.00,-1.53,-,0
20261001_131020,TankZeroFill,18.473,100.53,102.39,100.00,-0.53,-,0
20261001_131020,TankZeroFill,18.619,102.53,105.01,100.00,-2.53,-,0
20261001_131020,TankZeroFill,18.768,101.53,103.39,100.00,-1.53,-,0
20261001_131020,TankZeroFill,18.917,102.53,102.14,100.00,-2.53,-,0
20261001_131020,TankZeroFill,19.065,102.53,102.14,100.00,-2.53,-,0
20261001_131020,TankZeroFill,19.211,104.53,106.39,100.00,-4.53,-,0
20261001_131020,TankZeroFill,19.361,104.53,107.01,100.00,-4.53,-,0
20261001_131020,TankZeroFill,19.507,104.53,105.77,100.00,-4.53,-,0
20261001_131020,TankZeroFill,19.656,101.53,101.53,100.00,-1.53,-,0
20261001_131020,TankZeroFill,19.804,107.53,110.63,100.00,-7.53,-,0
20261001_131020,TankZeroFill,19.952,99.53,98.35,100.00,0.47,P,1024
20261001_131020,TankZeroFill,20.099,97.53,94.77,100.00,2.47,P,1024
20261001_131020,TankZeroFill,20.248,101.53,100.35,100.00,-1.53,-,0
20261001_131020,TankZeroFill,20.395,105.53,106.15,100.00,-5.53,-,0
20261001_131020,TankZeroFill,20.544,99.53,98.75,100.00,0.47,P,1024
20261001_131020,TankZeroFill,20.693,99.53,96.38,100.00,0.47,P,1024
20261001_131020,TankZeroFill,20.840,99.53,99.53,100.00,0.47,P,1024
20261001_131020,TankZeroFill,20.987,102.53,105.63,100.00,-2.53,-,0
20261001_131020,TankZeroFill,21.135,97.53,95.96,100.00,2.47,P,1024
20261001_131020,TankZeroFill,21.284,104.53,104.14,100.00,-4.53,-,0
20261001_131020,TankZeroFill,21.433,100.53,101.15,100.00,-0.53,-,0
20261001_131020,TankZeroFill,21.579,97.53,96.74,100.00,2.47,P,1024
20261001_131020,TankZeroFill,21.728,99.53,99.53,100.00,0.47,P,1024
20261001_131020,TankZeroFill,21.876,100.53,99.75,100.00,-0.53,-,0
20261001_131020,TankZeroFill,22.023,99.53,100.77,100.00,0.47,-,0
20261001_131020,TankZeroFill,22.171,99.53,97.56,100.00,0.47,P,1024
20261001_131020,TankZeroFill,22.320,99.53,99.14,100.00,0.47,P,1024
20261001_131020,TankZeroFill,22.468,103.53,107.24,100.00,-3.53,-,0
20261001_131020,TankZeroFill,22.615,100.53,101.15,100.00,-0.53,-,0
20261001_131020,TankZeroFill,22.763,101.53,102.15,100.00,-1.53,-,0
20261001_131020,TankZeroFill,22.912,100.53,101.15,100.00,-0.53,-,0
20261001_131020,TankZeroFill,23.059,100.53,101.15,100.00,-0.53,-,0
20261001_131020,TankZeroFill,23.207,101.53,102.77,100.00,-1.53,-,0
20261001_131020,TankZeroFill,23.356,100.53,99.35,100.00,-0.53,P,1024
20261001_131020,TankZeroFill,23.502,101.53,102.15,100.00,-1.53,-,0
20261001_131020,TankZeroFill,23.651,102.53,103.15,100.00,-2.53,-,0
20261001_131020,TankZeroFill,23.800,100.53,100.53,100.00,-0.53,-,0
20261001_131020,TankZeroFill,23.946,100.53,100.53,100.00,-0.53,-,0
20261001_131020,TankZeroFill,24.095,100.53,100.14,100.00,-0.53,-,0
20261001_131020,TankZeroFill,24.244,100.53,100.53,100.00,-0.53,-,0
20261001_131020,TankZeroFill,24.391,99.53,98.75,100.00,0.47,P,1024
20261001_131020,TankZeroFill,24.540,99.53,98.35,100.00,0.47,P,1024
20261001_131020,TankZeroFill,24.687,99.53,99.14,100.00,0.47,P,1024
20261001_131020,TankZeroFill,24.835,99.53,99.14,100.00,0.47,P,1024
20261001_131020,TankZeroFill,24.984,100.53,100.53,100.00,-0.53,-,0
20261001_131020,TankZeroFill,25.130,99.53,99.14,100.00,0.47,P,1024
20261001_131020,TankZeroFill,25.278,100.53,101.15,100.00,-0.53,-,0
20261001_131020,TankZeroFill,25.426,99.53,99.53,100.00,0.47,P,1024
20261001_131020,TankZeroFill,25.575,99.53,99.53,100.00,0.47,P,1024
20261001_131020,TankZeroFill,25.723,98.53,98.14,100.00,1.47,P,1024
20261001_131020,TankZeroFill,25.872,98.53,97.75,100.00,1.47,P,1024
20261001_131020,TankZeroFill,26.020,99.53,99.53,100.00,0.47,P,1024
20261001_131020,TankZeroFill,26.168,99.53,99.14,100.00,0.47,P,1024
20261001_131020,TankZeroFill,26.316,98.53,98.14,100.00,1.47,P,1024
20261001_131020,TankZeroFill,26.465,99.53,99.53,100.00,0.47,P,1024
20261001_131020,TankZeroFill,26.613,99.53,100.15,100.00,0.47,-,0
20261001_131020,TankZeroFill,26.759,99.53,100.15,100.00,0.47,-,0
20261001_131020,TankZeroFill,26.908,100.53,101.15,100.00,-0.53,-,0
20261001_131020,TankZeroFill,27.056,99.53,99.53,100.00,0.47,P,1024
20261001_131020,TankZeroFill,27.205,99.53,100.15,100.00,0.47,-,0
20261001_131020,TankZeroFill,27.353,100.53,101.15,100.00,-0.53,-,0
20261001_131020,TankZeroFill,27.499,99.53,99.53,100.00,0.47,P,1024
20261001_131020,TankZeroFill,27.647,100.53,101.15,100.00,-0.53,-,0
20261001_131020,TankZeroFill,27.797,100.53,100.53,100.00,-0.53,-,0
20261001_131020,TankZeroFill,27.944,99.53,99.53,100.00,0.47,P,1024
20261001_131020,TankZeroFill,28.092,99.53,99.53,100.00,0.47,P,1024
20261001_131020,TankZeroFill,28.240,99.53,99.14,100.00,0.47,P,1024
20261001_131020,TankZeroFill,28.388,100.53,101.15,100.00,-0.53,-,0
20261001_131020,TankZeroFill,28.536,99.53,99.14,100.00,0.47,P,1024
20261001_131020,TankZeroFill,28.685,99.53,99.14,100.00,0.47,P,1024
20261001_131020,TankZeroFill,28.834,99.53,99.53,100.00,0.47,P,1024
20261001_131020,TankZeroFill,28.980,100.53,101.15,100.00,-0.53,-,0
20261001_131020,TankZeroFill,29.129,99.53,99.53,100.00,0.47,P,1024
20261001_131020,TankZeroFill,29.277,99.53,99.14,100.00,0.47,P,1024
20261001_131020,TankZeroFill,29.426,99.53,99.53,100.00,0.47,P,1024
20261001_131020,TankZeroFill,29.572,99.53,99.53,100.00,0.47,P,1024
20261001_131020,TankZeroFill,29.722,100.53,101.15,100.00,-0.53,-,0
20261001_131020,TankZeroFill,29.868,99.53,99.14,100.00,0.47,P,1024
20261001_131020,TankZeroFill,30.017,99.53,99.53,100.00,0.47,P,1024
20261001_131020,TankZeroFill,30.166,99.53,99.53,100.00,0.47,P,1024
20261001_131020,TankZeroFill,30.313,100.53,101.15,100.00,-0.53,-,0
20261001_131020,TankZeroFill,30.462,100.53,101.15,100.00,-0.53,-,0
20261001_131020,TankZeroFill,30.610,99.53,99.14,100.00,0.47,P,1024
20261001_131020,TankZeroFill,30.757,100.53,101.15,100.00,-0.53,-,0
20261001_131020,TankZeroFill,30.905,99.53,99.53,100.00,0.47,P,1024
20261001_131020,TankZeroFill,31.054,99.53,99.53,100.00,0.47,P,1024
20261001_131020,TankZeroFill,31.203,98.53,97.75,100.00,1.47,P,1024
20261001_131020,TankZeroFill,31.349,99.53,99.14,100.00,0.47,P,1024
20261001_131020,TankZeroFill,31.498,100.53,101.15,100.00,-0.53,-,0
20261001_131020,TankZeroFill,31.647,99.53,99.14,100.00,0.47,P,1024
20261001_131020,TankZeroFill,31.793,99.53,99.53,100.00,0.47,P,1024
20261001_131020,TankZeroFill,31.942,99.53,99.53,100.00,0.47,P,1024
20261001_131020,TankZeroFill,32.091,99.53,100.15,100.00,0.47,-,0
20261001_131020,TankZeroFill,32.237,99.53,99.53,100.00,0.47,P,1024
20261001_131020,TankZeroFill,32.386,99.53,99.14,100.00,0.47,P,1024
20261001_131020,TankZeroFill,32.535,99.53,99.53,100.00,0.47,P,1024
20261001_131020,TankZeroFill,32.681,99.53,99.53,100.00,0.47,P,1024
20261001_131020,TankZeroFill,32.830,99.53,99.53,100.00,0.47,P,1024
20261001_131020,TankZeroFill,32.979,99.53,99.53,100.00,0.47,P,1024
20261001_131020,TankZeroFill,33.126,99.53,99.53,100.00,0.47,P,1024
20261001_131020,TankZeroFill,33.275,98.53,98.14,100.00,1.47,P,1024
20261001_131020,TankZeroFill,33.423,99.53,99.53,100.00,0.47,P,1024
20261001_131020,TankZeroFill,33.570,99.53,99.53,100.00,0.47,P,1024
20261001_131020,TankZeroFill,33.719,99.53,99.53,100.00,0.47,P,1024
20261001_131020,TankZeroFill,33.868,99.53,99.53,100.00,0.47,P,1024
20261001_131020,TankZeroFill,34.014,99.53,99.53,100.00,0.47,P,1024
20261001_131020,TankZeroFill,34.163,99.53,100.15,100.00,0.47,-,0
20261001_131020,TankZeroFill,34.312,99.53,99.53,100.00,0.47,P,1024
20261001_131020,TankZeroFill,34.459,99.53,99.53,100.00,0.47,P,1024
20261001_131020,TankZeroFill,34.607,99.53,99.53,100.00,0.47,P,1024
20261001_131020,TankZeroFill,34.756,99.53,99.53,100.00,0.47,P,1024
20261001_131020,TankZeroFill,34.904,99.53,99.53,100.00,0.47,P,1024
20261001_131020,TankZeroFill,35.052,99.53,99.53,100.00,0.47,P,1024
20261001_131020,TankZeroFill,35.201,99.53,99.53,100.00,0.47,P,1024
20261001_131020,TankZeroFill,35.347,99.53,99.53,100.00,0.47,P,1024
20261001_131020,TankZeroFill,35.495,99.53,99.53,100.00,0.47,P,1024
20261001_131020,TankZeroFill,35.644,99.53,99.53,100.00,0.47,P,1024
20261001_131020,TankZeroFill,35.793,98.53,98.14,100.00,1.47,P,1024
20261001_131020,TankZeroFill,35.940,99.53,99.53,100.00,0.47,P,1024
20261001_131020,TankZeroFill,36.088,99.53,99.53,100.00,0.47,P,1024
20261001_131020,TankZeroFill,36.237,99.53,99.53,100.00,0.47,P,1024
20261001_131020,TankZeroFill,36.385,99.53,99.53,100.00,0.47,P,1024
20261001_131020,TankZeroFill,36.532,100.53,101.15,100.00,-0.53,-,0
20261001_131020,TankZeroFill,36.680,99.53,100.15,100.00,0.47,-,0
20261001_131020,TankZeroFill,36.828,98.53,98.14,100.00,1.47,P,1024
20261001_131020,TankZeroFill,36.977,98.53,98.14,100.00,1.47,P,1024
20261001_131020,TankZeroFill,37.125,99.53,99.53,100.00,0.47,P,1024
20261001_131020,TankZeroFill,37.274,99.53,99.53,100.00,0.47,P,1024
20261001_131020,TankZeroFill,37.421,99.53,99.14,100.00,0.47,P,1024
20261001_131020,TankZeroFill,37.568,100.53,101.15,100.00,-0.53,-,0
20261001_131020,TankZeroFill,37.717,99.53,100.15,100.00,0.47,-,0
20261001_131020,TankZeroFill,37.864,99.53,100.15,100.00,0.47,-,0
20261001_131020,TankZeroFill,38.012,99.53,99.53,100.00,0.47,P,1024
20261001_131020,TankZeroFill,38.161,99.53,99.53,100.00,0.47,P,1024
20261001_131020,TankZeroFill,38.310,99.53,99.53,100.00,0.47,P,1024
20261001_131020,TankZeroFill,38.456,99.53,99.14,100.00,0.47,P,1024
20261001_131020,TankZeroFill,38.605,99.53,99.53,100.00,0.47,P,1024
20261001_131020,TankZeroFill,38.754,98.53,98.14,100.00,1.47,P,1024
20261001_131020,TankZeroFill,38.901,98.53,98.14,100.00,1.47,P,1024
20261001_131020,TankZeroFill,39.049,98.53,98.14,100.00,1.47,P,1024
20261001_131020,TankZeroFill,39.196,99.53,99.53,100.00,0.47,P,1024
20261001_131020,TankZeroFill,39.345,99.53,99.53,100.00,0.47,P,1024
20261001_131020,TankZeroFill,39.494,100.53,101.15,100.00,-0.53,-,0
20261001_131020,TankZeroFill,39.640,99.53,100.15,100.00,0.47,-,0
20261001_131020,TankZeroFill,39.788,100.53,101.77,100.00,-0.53,-,0
20261001_131020,TankZeroFill,39.937,100.53,101.77,100.00,-0.53,-,0
20261001_131020,TankZeroFill,40.086,99.53,99.53,100.00,0.47,P,1024
20261001_131020,TankZeroFill,40.233,99.53,99.53,100.00,0.47,P,1024
20261001_131020,TankZeroFill,40.382,100.53,100.53,100.00,-0.53,-,0
20261001_131020,TankZeroFill,40.530,100.53,101.15,100.00,-0.53,-,0
20261001_131020,TankZeroFill,40.677,99.53,99.14,100.00,0.47,P,1024
20261001_131020,TankZeroFill,40.827,98.53,97.75,100.00,1.47,P,1024
20261001_131020,TankZeroFill,40.973,98.53,98.14,100.00,1.47,P,1024
20261001_131020,TankZeroFill,41.122,101.53,102.77,100.00,-1.53,-,0
20261001_131020,TankZeroFill,41.269,99.53,99.14,100.00,0.47,P,1024
20261001_131020,TankZeroFill,41.418,99.53,99.14,100.00,0.47,P,1024
20261001_131020,TankZeroFill,41.567,99.53,99.53,100.00,0.47,P,1024
20261001_131020,TankZeroFill,41.713,98.53,98.53,100.00,1.47,P,1024
20261001_131020,TankZeroFill,41.862,99.53,100.15,100.00,0.47,-,0
20261001_131020,TankZeroFill,42.011,99.53,98.75,100.00,0.47,P,1024
20261001_131020,TankZeroFill,42.157,100.53,101.15,100.00,-0.53,-,0
20261001_131020,TankZeroFill,42.306,100.53,101.15,100.00,-0.53,-,0
20261001_131020,TankZeroFill,42.455,99.53,99.53,100.00,0.47,P,1024
20261001_131020,TankZeroFill,42.603,100.53,101.77,100.00,-0.53,-,0
20261001_131020,TankZeroFill,42.750,100.53,101.15,100.00,-0.53,-,0
20261001_131020,TankZeroFill,42.898,98.53,98.14,100.00,1.47,P,1024
20261001_131020,TankZeroFill,43.046,98.53,97.75,100.00,1.47,P,1024
20261001_131020,TankZeroFill,43.195,99.53,99.14,100.00,0.47,P,1024
20261001_131020,TankZeroFill,43.344,100.53,101.15,100.00,-0.53,-,0
20261001_131020,TankZeroFill,43.490,99.53,99.14,100.00,0.47,P,1024
20261001_131020,TankZeroFill,0.109,-0.93,-0.93,100.00,100.93,P,1024
20261001_131020,TankZeroFill,0.258,0.07,0.07,100.00,99.93,P,1024
20261001_131020,TankZeroFill,0.406,0.07,0.07,100.00,99.93,P,1024
20261001_131020,TankZeroFill,0.553,-0.93,-0.93,100.00,100.93,P,1024
20261001_131020,TankZeroFill,0.702,1.07,2.92,100.00,98.93,P,1024
20261001_131020,TankZeroFill,0.851,-0.93,-0.93,100.00,100.93,P,1024
20261001_131020,TankZeroFill,0.997,-0.93,-0.93,100.00,100.93,P,1024
20261001_131020,TankZeroFill,1.146,-0.93,-1.33,100.00,100.93,P,1024
20261001_131020,TankZeroFill,1.295,0.07,0.07,100.00,99.93,P,1024
20261001_131020,TankZeroFill,1.441,-0.93,-0.93,100.00,100.93,P,1024
20261001_131020,TankZeroFill,1.590,0.07,-0.33,100.00,99.93,P,1024
20261001_131020,TankZeroFill,1.739,0.07,0.69,100.00,99.93,P,1024
20261001_131020,TankZeroFill,1.886,0.07,0.69,100.00,99.93,P,1024
20261001_131020,TankZeroFill,2.035,2.07,3.92,100.00,97.93,P,1024
20261001_131020,TankZeroFill,2.182,2.07,3.31,100.00,97.93,P,1024
20261001_131020,TankZeroFill,2.330,0.07,0.69,100.00,99.93,P,1024
20261001_131020,TankZeroFill,2.478,2.07,3.31,100.00,97.93,P,1024
20261001_131020,TankZeroFill,2.626,1.07,1.69,100.00,98.93,P,1024
20261001_131020,TankZeroFill,2.774,3.07,4.93,100.00,96.93,P,1024
20261001_131020,TankZeroFill,2.922,6.07,8.55,100.00,93.93,P,1024
20261001_131020,TankZeroFill,3.071,7.07,10.16,100.00,92.93,P,1024
20261001_131020,TankZeroFill,3.219,6.07,9.78,100.00,93.93,P,1024
20261001_131020,TankZeroFill,3.367,6.07,8.54,100.00,93.93,P,1024
20261001_131020,TankZeroFill,3.515,8.07,12.40,100.00,91.93,P,1024
20261001_131020,TankZeroFill,3.663,9.07,12.78,100.00,90.93,P,1024
20261001_131020,TankZeroFill,3.812,8.07,9.30,100.00,91.93,P,1024
20261001_131020,TankZeroFill,3.960,9.07,10.30,100.00,90.93,P,1024
20261001_131020,TankZeroFill,4.108,10.07,12.54,100.00,89.93,P,1024
20261001_131020,TankZeroFill,4.254,12.07,15.79,100.00,87.93,P,1024
20261001_131020,TankZeroFill,4.403,12.07,14.54,100.00,87.93,P,1024
20261001_131020,TankZeroFill,4.551,13.07,15.55,100.00,86.93,P,1024
20261001_131020,TankZeroFill,4.699,17.07,22.65,100.00,82.93,P,1024
20261001_131020,TankZeroFill,4.847,15.07,18.79,100.00,84.93,P,1024
20261001_131020,TankZeroFill,4.995,16.07,19.79,100.00,83.93,P,1024
20261001_131020,TankZeroFill,5.144,17.07,20.16,100.00,82.93,P,1024
20261001_131020,TankZeroFill,5.292,19.07,23.39,100.00,80.93,P,1024
20261001_131020,TankZeroFill,5.441,20.07,24.39,100.00,79.93,P,1024
20261001_131020,TankZeroFill,5.589,20.07,21.92,100.00,79.93,P,1024
20261001_131020,TankZeroFill,5.737,22.07,26.39,100.00,77.93,P,1024
20261001_131020,TankZeroFill,5.884,24.07,29.02,100.00,75.93,P,1024
20261001_131020,TankZeroFill,6.033,22.07,25.16,100.00,77.93,P,1024
20261001_131020,TankZeroFill,6.180,24.07,27.17,100.00,75.93,P,1024
20261001_131020,TankZeroFill,6.328,25.07,28.17,100.00,74.93,P,1024
20261001_131020,TankZeroFill,6.476,27.07,31.41,100.00,72.93,P,1024
20261001_131020,TankZeroFill,6.625,27.07,30.17,100.00,72.93,P,1024
20261001_131020,TankZeroFill,6.773,28.07,30.54,100.00,71.93,P,1024
20261001_131020,TankZeroFill,6.922,29.07,33.40,100.00,70.93,P,1024
20261001_131020,TankZeroFill,7.069,30.07,33.78,100.00,69.93,P,1024
20261001_131020,TankZeroFill,7.217,31.07,34.78,100.00,68.93,P,1024
20261001_131020,TankZeroFill,7.365,31.07,33.54,100.00,68.93,P,1024
20261001_131020,TankZeroFill,7.513,33.07,36.78,100.00,66.93,P,1024
20261001_131020,TankZeroFill,7.661,34.07,37.78,100.00,65.93,P,1024
20261001_131020,TankZeroFill,7.809,34.07,37.16,100.00,65.93,P,1024
20261001_131020,TankZeroFill,7.958,35.07,38.16,100.00,64.93,P,1024
20261001_131020,TankZeroFill,8.105,36.07,39.16,100.00,63.93,P,1024
20261001_131020,TankZeroFill,8.254,38.07,42.40,100.00,61.93,P,1024
20261001_131020,TankZeroFill,8.402,38.07,41.16,100.00,61.93,P,1024
20261001_131020,TankZeroFill,8.551,38.07,40.54,100.00,61.93,P,1024
20261001_131020,TankZeroFill,8.699,40.07,43.78,100.00,59.93,P,1024
20261001_131020,TankZeroFill,8.847,41.07,44.78,100.00,58.93,P,1024
20261001_131020,TankZeroFill,8.995,42.07,45.78,100.00,57.93,P,1024
20261001_131020,TankZeroFill,9.143,43.07,46.16,100.00,56.93,P,1024
20261001_131020,TankZeroFill,9.290,45.07,49.41,100.00,54.93,P,1024
20261001_131020,TankZeroFill,9.439,46.07,51.02,100.00,53.93,P,1024
20261001_131020,TankZeroFill,9.587,49.07,54.64,100.00,50.93,P,1024
20261001_131020,TankZeroFill,9.736,48.07,52.40,100.00,51.93,P,1024
20261001_131020,TankZeroFill,9.884,49.07,53.40,100.00,50.93,P,1024
20261001_131020,TankZeroFill,10.032,49.07,52.78,100.00,50.93,P,1024
20261001_131020,TankZeroFill,10.178,51.07,54.78,100.00,48.93,P,1024
20261001_131020,TankZeroFill,10.327,51.07,54.16,100.00,48.93,P,1024
20261001_131020,TankZeroFill,10.475,52.07,53.93,100.00,47.93,P,1024
20261001_131020,TankZeroFill,10.623,55.07,59.40,100.00,44.93,P,1024
20261001_131020,TankZeroFill,10.771,55.07,58.79,100.00,44.93,P,1024
20261001_131020,TankZeroFill,10.920,56.07,60.40,100.00,43.93,P,1024
20261001_131020,TankZeroFill,11.068,59.07,64.01,100.00,40.93,P,1024
20261001_131020,TankZeroFill,11.216,59.07,64.01,100.00,40.93,P,1024
20261001_131020,TankZeroFill,11.365,59.07,63.39,100.00,40.93,P,1024
20261001_131020,TankZeroFill,11.511,58.07,59.93,100.00,41.93,P,1024
20261001_131020,TankZeroFill,11.659,59.07,61.55,100.00,40.93,P,1024
20261001_131020,TankZeroFill,11.807,62.07,65.79,100.00,37.93,P,1024
20261001_131020,TankZeroFill,11.956,65.07,68.78,100.00,34.93,P,1024
20261001_131020,TankZeroFill,12.103,62.07,63.93,100.00,37.93,P,1024
20261001_131020,TankZeroFill,12.252,63.07,65.55,100.00,36.93,P,1024
20261001_131020,TankZeroFill,12.401,63.07,66.16,100.00,36.93,P,1024
20261001_131020,TankZeroFill,12.549,64.07,67.16,100.00,35.93,P,1024
20261001_131020,TankZeroFill,12.697,64.07,65.30,100.00,35.93,P,1024
20261001_131020,TankZeroFill,12.845,64.07,63.67,100.00,35.93,P,1024
20261001_131020,TankZeroFill,12.992,67.07,70.16,100.00,32.93,P,1024
20261001_131020,TankZeroFill,13.141,69.07,72.78,100.00,30.93,P,1024
20261001_131020,TankZeroFill,13.290,70.07,74.40,100.00,29.93,P,1024
20261001_131020,TankZeroFill,13.438,70.07,73.78,100.00,29.93,P,1024
20261001_131020,TankZeroFill,13.586,70.07,73.78,100.00,29.93,P,1024
20261001_131020,TankZeroFill,13.734,71.07,75.40,100.00,28.93,P,1024
20261001_131020,TankZeroFill,13.882,73.07,76.77,100.00,26.93,P,1024
20261001_131020,TankZeroFill,14.030,76.07,80.40,100.00,23.93,P,1024
20261001_131020,TankZeroFill,14.177,75.07,78.17,100.00,24.93,P,1024
20261001_131020,TankZeroFill,14.325,77.07,81.41,100.00,22.93,P,1024
20261001_131020,TankZeroFill,14.474,79.07,84.64,100.00,20.93,P,1024
20261001_131020,TankZeroFill,14.622,78.07,82.40,100.00,21.93,P,1024
20261001_131020,TankZeroFill,14.770,79.07,82.78,100.00,20.93,P,1024
20261001_131020,TankZeroFill,14.918,79.07,80.93,100.00,20.93,P,1024
20261001_131020,TankZeroFill,15.066,81.07,84.78,100.00,18.93,P,1024
20261001_131020,TankZeroFill,15.215,82.07,85.16,100.00,17.93,P,1024
20261001_131020,TankZeroFill,15.363,83.07,85.54,100.00,16.93,P,1024
20261001_131020,TankZeroFill,15.509,85.07,89.41,100.00,14.93,P,1024
20261001_131020,TankZeroFill,15.658,85.07,88.78,100.00,14.93,P,1024
20261001_131020,TankZeroFill,15.806,87.07,92.03,100.00,12.93,P,1024
20261001_131020,TankZeroFill,15.954,88.07,92.41,100.00,11.93,P,1024
20261001_131020,TankZeroFill,16.102,88.07,91.79,100.00,11.93,P,1024
20261001_131020,TankZeroFill,16.251,90.07,94.40,100.00,9.93,P,1024
20261001_131020,TankZeroFill,16.397,90.07,93.16,100.00,9.93,P,1024
20261001_131020,TankZeroFill,16.546,92.07,96.40,100.00,7.93,P,1024
20261001_131020,TankZeroFill,16.694,94.07,98.40,100.00,5.93,P,1024
20261001_131020,TankZeroFill,16.843,93.07,96.16,100.00,6.93,P,1024
20261001_131020,TankZeroFill,16.990,95.07,99.40,100.00,4.93,P,1024
20261001_131020,TankZeroFill,17.138,97.07,101.41,100.00,2.93,-,0
20261001_131020,TankZeroFill,17.286,96.07,99.78,100.00,3.93,-,0
20261001_131020,TankZeroFill,17.435,95.07,96.92,100.00,4.93,P,1024
20261001_131020,TankZeroFill,17.583,99.07,102.16,100.00,0.93,-,0
20261001_131020,TankZeroFill,17.729,100.07,104.41,100.00,-0.07,-,0
20261001_131020,TankZeroFill,17.878,101.07,104.78,100.00,-1.07,-,0
20261001_131020,TankZeroFill,18.026,98.07,98.69,100.00,1.93,P,1024
20261001_131020,TankZeroFill,18.173,98.07,99.31,100.00,1.93,P,1024
20261001_131020,TankZeroFill,18.322,101.07,104.79,100.00,-1.07,-,0
20261001_131020,TankZeroFill,18.470,103.07,105.55,100.00,-3.07,-,0
20261001_131020,TankZeroFill,18.619,95.07,93.10,100.00,4.93,P,1024
20261001_131020,TankZeroFill,18.765,97.07,95.49,100.00,2.93,P,1024
20261001_131020,TankZeroFill,18.914,100.07,101.31,100.00,-0.07,-,0
20261001_131020,TankZeroFill,19.062,99.07,99.69,100.00,0.93,-,0
20261001_131020,TankZeroFill,19.210,101.07,101.07,100.00,-1.07,-,0
20261001_131020,TankZeroFill,19.359,101.07,100.28,100.00,-1.07,-,0
20261001_131020,TankZeroFill,19.505,100.07,103.17,100.00,-0.07,-,0
20261001_131020,TankZeroFill,19.654,102.07,105.16,100.00,-2.07,-,0
20261001_131020,TankZeroFill,19.802,102.07,103.30,100.00,-2.07,-,0
20261001_131020,TankZeroFill,19.950,100.07,100.69,100.00,-0.07,-,0
