SessionID,Timestamp,Event,Target_mm,RawMedian_mm,Level_mm,ValidSamples
20261001_204821,2026-10-01 20:51:49,TankZero_Drain,2.0,345.0,51.0,2
20261001_204821,2026-10-01 20:51:50,TankZero_Drain,2.0,346.0,50.0,2
20261001_204821,2026-10-01 20:51:50,TankZero_Drain,2.0,347.5,48.5,2
20261001_204821,2026-10-01 20:51:50,TankZero_Drain,2.0,348.0,48.0,2
20261001_204821,2026-10-01 20:51:51,TankZero_Drain,2.0,349.0,47.0,2
20261001_204821,2026-10-01 20:51:51,TankZero_Drain,2.0,350.0,46.0,2
20261001_204821,2026-10-01 20:51:52,TankZero_Drain,2.0,351.0,45.0,2
20261001_204821,2026-10-01 20:51:52,TankZero_Drain,2.0,353.0,43.0,2
20261001_204821,2026-10-01 20:51:52,TankZero_Drain,2.0,354.0,42.0,2
20261001_204821,2026-10-01 20:51:53,TankZero_Drain,2.0,355.0,41.0,2
20261001_204821,2026-10-01 20:51:53,TankZero_Drain,2.0,356.0,40.0,2
20261001_204821,2026-10-01 20:51:54,TankZero_Drain,2.0,357.0,39.0,2
20261001_204821,2026-10-01 20:51:54,TankZero_Drain,2.0,358.5,37.5,2
20261001_204821,2026-10-01 20:51:54,TankZero_Drain,2.0,359.0,37.0,2
20261001_204821,2026-10-01 20:51:55,TankZero_Drain,2.0,360.5,35.5,2
20261001_204821,2026-10-01 20:51:55,TankZero_Drain,2.0,363.0,33.0,2
20261001_204821,2026-10-01 20:51:56,TankZero_Drain,2.0,362.5,33.5,2
20261001_204821,2026-10-01 20:51:56,TankZero_Drain,2.0,364.0,32.0,2
20261001_204821,2026-10-01 20:51:56,TankZero_Drain,2.0,366.0,30.0,2
20261001_204821,2026-10-01 20:51:57,TankZero_Drain,2.0,366.0,30.0,2
20261001_204821,2026-10-01 20:51:57,TankZero_Drain,2.0,366.5,29.5,2
20261001_204821,2026-10-01 20:51:58,TankZero_Drain,2.0,368.0,28.0,2
20261001_204821,2026-10-01 20:51:58,TankZero_Drain,2.0,369.0,27.0,2
20261001_204821,2026-10-01 20:51:58,TankZero_Drain,2.0,370.5,25.5,2
20261001_204821,2026-10-01 20:51:59,TankZero_Drain,2.0,371.0,25.0,2
20261001_204821,2026-10-01 20:51:59,TankZero_Drain,2.0,372.5,23.5,2
20261001_204821,2026-10-01 20:51:59,TankZero_Drain,2.0,373.0,23.0,2
20261001_204821,2026-10-01 20:52:00,TankZero_Drain,2.0,374.5,21.5,2
20261001_204821,2026-10-01 20:52:00,TankZero_Drain,2.0,375.5,20.5,2
20261001_204821,2026-10-01 20:52:01,TankZero_Drain,2.0,377.0,19.0,2
20261001_204821,2026-10-01 20:52:01,TankZero_Drain,2.0,377.5,18.5,2
20261001_204821,2026-10-01 20:52:01,TankZero_Drain,2.0,379.0,17.0,2
20261001_204821,2026-10-01 20:52:02,TankZero_Drain,2.0,380.0,16.0,2
20261001_204821,2026-10-01 20:52:02,TankZero_Drain,2.0,381.0,15.0,2
20261001_204821,2026-10-01 20:52:03,TankZero_Drain,2.0,382.5,13.5,2
20261001_204821,2026-10-01 20:52:03,TankZero_Drain,2.0,383.0,13.0,2
20261001_204821,2026-10-01 20:52:03,TankZero_Drain,2.0,383.5,12.5,2
20261001_204821,2026-10-01 20:52:04,TankZero_Drain,2.0,385.0,11.0,2
20261001_204821,2026-10-01 20:52:04,TankZero_Drain,2.0,386.0,10.0,2
20261001_204821,2026-10-01 20:52:05,TankZero_Drain,2.0,387.0,9.0,2
20261001_204821,2026-10-01 20:52:05,TankZero_Drain,2.0,387.5,8.5,2
20261001_204821,2026-10-01 20:52:05,TankZero_Drain,2.0,388.5,7.5,2
20261001_204821,2026-10-01 20:52:06,TankZero_Drain,2.0,390.0,6.0,2
20261001_204821,2026-10-01 20:52:06,TankZero_Drain,2.0,391.5,4.5,2
20261001_204821,2026-10-01 20:52:07,TankZero_Drain,2.0,392.0,4.0,2
20261001_204821,2026-10-01 20:52:07,TankZero_Drain,2.0,394.0,2.0,2
SessionID,Timestamp,Event,Target_mm,RawMedian_mm,Level_mm,ValidSamples
20261001_204821,2026-10-01 20:50:15,TankZero_Fill,50.0,396.0,0.0,3
20261001_204821,2026-10-01 20:50:15,TankZero_Fill,50.0,397.0,0.0,3
20261001_204821,2026-10-01 20:50:16,TankZero_Fill,50.0,396.0,0.0,3
20261001_204821,2026-10-01 20:50:17,TankZero_Fill,50.0,395.0,1.0,3
20261001_204821,2026-10-01 20:50:17,TankZero_Fill,50.0,393.0,3.0,3
20261001_204821,2026-10-01 20:50:18,TankZero_Fill,50.0,390.0,6.0,3
20261001_204821,2026-10-01 20:50:18,TankZero_Fill,50.0,387.0,9.0,3
20261001_204821,2026-10-01 20:50:19,TankZero_Fill,50.0,383.0,13.0,3
20261001_204821,2026-10-01 20:50:20,TankZero_Fill,50.0,378.0,18.0,3
20261001_204821,2026-10-01 20:50:20,TankZero_Fill,50.0,373.0,23.0,3
20261001_204821,2026-10-01 20:50:21,TankZero_Fill,50.0,371.0,25.0,3
20261001_204821,2026-10-01 20:50:21,TankZero_Fill,50.0,365.0,31.0,3
20261001_204821,2026-10-01 20:50:22,TankZero_Fill,50.0,362.0,34.0,3
20261001_204821,2026-10-01 20:50:23,TankZero_Fill,50.0,359.0,37.0,3
20261001_204821,2026-10-01 20:50:23,TankZero_Fill,50.0,354.0,42.0,3
20261001_204821,2026-10-01 20:50:24,TankZero_Fill,50.0,353.0,43.0,3
20261001_204821,2026-10-01 20:50:24,TankZero_Fill,50.0,346.0,50.0,3
20261001_204821,2026-10-01 20:55:05,TankZero_Drain,2.0,339.5,56.5,2
20261001_204821,2026-10-01 20:55:05,TankZero_Drain,2.0,340.5,55.5,2
20261001_204821,2026-10-01 20:55:06,TankZero_Drain,2.0,341.5,54.5,2
20261001_204821,2026-10-01 20:55:06,TankZero_Drain,2.0,343.0,53.0,2
20261001_204821,2026-10-01 20:55:06,TankZero_Drain,2.0,344.0,52.0,2
20261001_204821,2026-10-01 20:55:07,TankZero_Drain,2.0,345.0,51.0,2
20261001_204821,2026-10-01 20:55:07,TankZero_Drain,2.0,346.0,50.0,2
20261001_204821,2026-10-01 20:55:08,TankZero_Drain,2.0,347.5,48.5,2
20261001_204821,2026-10-01 20:55:08,TankZero_Drain,2.0,349.5,46.5,2
20261001_204821,2026-10-01 20:55:08,TankZero_Drain,2.0,350.0,46.0,2
20261001_204821,2026-10-01 20:55:09,TankZero_Drain,2.0,350.5,45.5,2
20261001_204821,2026-10-01 20:55:09,TankZero_Drain,2.0,352.5,43.5,2
20261001_204821,2026-10-01 20:55:10,TankZero_Drain,2.0,353.0,43.0,2
20261001_204821,2026-10-01 20:55:10,TankZero_Drain,2.0,355.0,41.0,2
20261001_204821,2026-10-01 20:55:10,TankZero_Drain,2.0,355.5,40.5,2
20261001_204821,2026-10-01 20:55:11,TankZero_Drain,2.0,357.0,39.0,2
20261001_204821,2026-10-01 20:55:11,TankZero_Drain,2.0,359.0,37.0,2
20261001_204821,2026-10-01 20:55:12,TankZero_Drain,2.0,360.0,36.0,2
20261001_204821,2026-10-01 20:55:12,TankZero_Drain,2.0,360.5,35.5,2
20261001_204821,2026-10-01 20:55:12,TankZero_Drain,2.0,361.5,34.5,2
20261001_204821,2026-10-01 20:55:13,TankZero_Drain,2.0,363.0,33.0,2
20261001_204821,2026-10-01 20:55:13,TankZero_Drain,2.0,364.0,32.0,2
20261001_204821,2026-10-01 20:55:14,TankZero_Drain,2.0,364.5,31.5,2
20261001_204821,2026-10-01 20:55:14,TankZero_Drain,2.0,366.0,30.0,2
20261001_204821,2026-10-01 20:55:14,TankZero_Drain,2.0,367.0,29.0,2
20261001_204821,2026-10-01 20:55:15,TankZero_Drain,2.0,368.0,28.0,2
20261001_204821,2026-10-01 20:55:15,TankZero_Drain,2.0,369.0,27.0,2
20261001_204821,2026-10-01 20:55:15,TankZero_Drain,2.0,371.0,25.0,2
20261001_204821,2026-10-01 20:55:16,TankZero_Drain,2.0,371.0,25.0,2
20261001_204821,2026-10-01 20:55:16,TankZero_Drain,2.0,372.5,23.5,2
20261001_204821,2026-10-01 20:55:17,TankZero_Drain,2.0,374.0,22.0,2
20261001_204821,2026-10-01 20:55:17,TankZero_Drain,2.0,374.5,21.5,2
20261001_204821,2026-10-01 20:55:17,TankZero_Drain,2.0,376.0,20.0,2
20261001_204821,2026-10-01 20:55:18,TankZero_Drain,2.0,377.0,19.0,2
20261001_204821,2026-10-01 20:55:18,TankZero_Drain,2.0,378.5,17.5,2
20261001_204821,2026-10-01 20:55:19,TankZero_Drain,2.0,379.0,17.0,2
20261001_204821,2026-10-01 20:55:19,TankZero_Drain,2.0,380.0,16.0,2
20261001_204821,2026-10-01 20:55:19,TankZero_Drain,2.0,380.0,16.0,2
20261001_204821,2026-10-01 20:55:20,TankZero_Drain,2.0,382.5,13.5,2
20261001_204821,2026-10-01 20:55:20,TankZero_Drain,2.0,383.0,13.0,2
20261001_204821,2026-10-01 20:55:21,TankZero_Drain,2.0,384.0,12.0,2
20261001_204821,2026-10-01 20:55:21,TankZero_Drain,2.0,385.5,10.5,2
20261001_204821,2026-10-01 20:55:21,TankZero_Drain,2.0,386.0,10.0,2
20261001_204821,2026-10-01 20:55:22,TankZero_Drain,2.0,387.0,9.0,2
20261001_204821,2026-10-01 20:55:22,TankZero_Drain,2.0,388.0,8.0,2
20261001_204821,2026-10-01 20:55:23,TankZero_Drain,2.0,390.0,6.0,2
20261001_204821,2026-10-01 20:55:23,TankZero_Drain,2.0,391.0,5.0,2
20261001_204821,2026-10-01 20:55:23,TankZero_Drain,2.0,392.5,3.5,2
20261001_204821,2026-10-01 20:55:24,TankZero_Drain,2.0,393.5,2.5,2
20261001_204821,2026-10-01 20:55:24,TankZero_Drain,2.0,393.5,2.5,2
20261001_204821,2026-10-01 20:55:25,TankZero_Drain,2.0,395.5,0.5,2
20261001_204821,2026-10-01 20:52:47,TankZero_Fill,50.0,394.0,2.0,3
20261001_204821,2026-10-01 20:52:47,TankZero_Fill,50.0,395.0,1.0,3
20261001_204821,2026-10-01 20:52:48,TankZero_Fill,50.0,393.0,3.0,3
20261001_204821,2026-10-01 20:52:48,TankZero_Fill,50.0,393.0,3.0,3
20261001_204821,2026-10-01 20:52:49,TankZero_Fill,50.0,392.0,4.0,3
20261001_204821,2026-10-01 20:52:49,TankZero_Fill,50.0,387.0,9.0,3
20261001_204821,2026-10-01 20:52:50,TankZero_Fill,50.0,385.0,11.0,3
20261001_204821,2026-10-01 20:52:51,TankZero_Fill,50.0,381.0,15.0,3
20261001_204821,2026-10-01 20:52:51,TankZero_Fill,50.0,377.0,19.0,3
20261001_204821,2026-10-01 20:52:52,TankZero_Fill,50.0,373.0,23.0,3
20261001_204821,2026-10-01 20:52:52,TankZero_Fill,50.0,370.0,26.0,3
20261001_204821,2026-10-01 20:52:53,TankZero_Fill,50.0,366.0,30.0,3
20261001_204821,2026-10-01 20:52:54,TankZero_Fill,50.0,362.0,34.0,3
20261001_204821,2026-10-01 20:52:54,TankZero_Fill,50.0,358.0,38.0,3
20261001_204821,2026-10-01 20:52:55,TankZero_Fill,50.0,355.0,41.0,3
20261001_204821,2026-10-01 20:52:55,TankZero_Fill,50.0,352.0,44.0,3
20261001_204821,2026-10-01 20:52:56,TankZero_Fill,50.0,348.0,48.0,3
20261001_204821,2026-10-01 20:52:57,TankZero_Fill,50.0,344.0,52.0,3
20261001_204821,2026-10-01 20:58:03,TankZero_Drain,2.0,341.0,55.0,2
20261001_204821,2026-10-01 20:58:04,TankZero_Drain,2.0,341.5,54.5,2
20261001_204821,2026-10-01 20:58:04,TankZero_Drain,2.0,342.5,53.5,2
20261001_204821,2026-10-01 20:58:05,TankZero_Drain,2.0,344.0,52.0,2
20261001_204821,2026-10-01 20:58:05,TankZero_Drain,2.0,345.0,51.0,2
20261001_204821,2026-10-01 20:58:05,TankZero_Drain,2.0,345.5,50.5,2
20261001_204821,2026-10-01 20:58:06,TankZero_Drain,2.0,346.5,49.5,2
20261001_204821,2026-10-01 20:58:06,TankZero_Drain,2.0,347.5,48.5,2
20261001_204821,2026-10-01 20:58:06,TankZero_Drain,2.0,349.0,47.0,2
20261001_204821,2026-10-01 20:58:07,TankZero_Drain,2.0,349.5,46.5,2
20261001_204821,2026-10-01 20:58:07,TankZero_Drain,2.0,350.5,45.5,2
20261001_204821,2026-10-01 20:58:08,TankZero_Drain,2.0,352.0,44.0,2
20261001_204821,2026-10-01 20:58:08,TankZero_Drain,2.0,353.0,43.0,2
20261001_204821,2026-10-01 20:58:08,TankZero_Drain,2.0,353.5,42.5,2
20261001_204821,2026-10-01 20:58:09,TankZero_Drain,2.0,354.5,41.5,2
20261001_204821,2026-10-01 20:58:09,TankZero_Drain,2.0,356.0,40.0,2
20261001_204821,2026-10-01 20:58:10,TankZero_Drain,2.0,356.5,39.5,2
20261001_204821,2026-10-01 20:58:10,TankZero_Drain,2.0,358.0,38.0,2
20261001_204821,2026-10-01 20:58:10,TankZero_Drain,2.0,359.0,37.0,2
20261001_204821,2026-10-01 20:58:11,TankZero_Drain,2.0,360.0,36.0,2
20261001_204821,2026-10-01 20:58:11,TankZero_Drain,2.0,361.0,35.0,2
20261001_204821,2026-10-01 20:58:12,TankZero_Drain,2.0,360.5,35.5,2
20261001_204821,2026-10-01 20:58:12,TankZero_Drain,2.0,363.5,32.5,2
20261001_204821,2026-10-01 20:58:12,TankZero_Drain,2.0,363.5,32.5,2
20261001_204821,2026-10-01 20:58:13,TankZero_Drain,2.0,364.5,31.5,2
20261001_204821,2026-10-01 20:58:13,TankZero_Drain,2.0,366.0,30.0,2
20261001_204821,2026-10-01 20:58:14,TankZero_Drain,2.0,366.5,29.5,2
20261001_204821,2026-10-01 20:58:14,TankZero_Drain,2.0,367.5,28.5,2
20261001_204821,2026-10-01 20:58:14,TankZero_Drain,2.0,369.0,27.0,2
20261001_204821,2026-10-01 20:58:15,TankZero_Drain,2.0,370.0,26.0,2
20261001_204821,2026-10-01 20:58:15,TankZero_Drain,2.0,371.0,25.0,2
20261001_204821,2026-10-01 20:58:16,TankZero_Drain,2.0,371.5,24.5,2
20261001_204821,2026-10-01 20:58:16,TankZero_Drain,2.0,371.5,24.5,2
20261001_204821,2026-10-01 20:58:16,TankZero_Drain,2.0,373.5,22.5,2
20261001_204821,2026-10-01 20:58:17,TankZero_Drain,2.0,375.5,20.5,2
20261001_204821,2026-10-01 20:58:17,TankZero_Drain,2.0,375.0,21.0,2
20261001_204821,2026-10-01 20:58:18,TankZero_Drain,2.0,376.5,19.5,2
20261001_204821,2026-10-01 20:58:18,TankZero_Drain,2.0,377.5,18.5,2
20261001_204821,2026-10-01 20:58:18,TankZero_Drain,2.0,378.5,17.5,2
20261001_204821,2026-10-01 20:58:19,TankZero_Drain,2.0,379.5,16.5,2
20261001_204821,2026-10-01 20:58:19,TankZero_Drain,2.0,381.0,15.0,2
20261001_204821,2026-10-01 20:58:20,TankZero_Drain,2.0,382.0,14.0,2
20261001_204821,2026-10-01 20:58:20,TankZero_Drain,2.0,383.5,12.5,2
20261001_204821,2026-10-01 20:58:20,TankZero_Drain,2.0,384.0,12.0,2
20261001_204821,2026-10-01 20:58:21,TankZero_Drain,2.0,385.0,11.0,2
20261001_204821,2026-10-01 20:58:21,TankZero_Drain,2.0,386.5,9.5,2
20261001_204821,2026-10-01 20:58:22,TankZero_Drain,2.0,387.0,9.0,2
20261001_204821,2026-10-01 20:58:22,TankZero_Drain,2.0,388.0,8.0,2
20261001_204821,2026-10-01 20:58:22,TankZero_Drain,2.0,389.0,7.0,2
20261001_204821,2026-10-01 20:58:23,TankZero_Drain,2.0,390.5,5.5,2
20261001_204821,2026-10-01 20:58:23,TankZero_Drain,2.0,392.0,4.0,2
20261001_204821,2026-10-01 20:58:24,TankZero_Drain,2.0,392.0,4.0,2
20261001_204821,2026-10-01 20:58:24,TankZero_Drain,2.0,393.0,3.0,2
20261001_204821,2026-10-01 20:58:24,TankZero_Drain,2.0,394.5,1.5,2
20261001_204821,2026-10-01 20:55:54,TankZero_Fill,50.0,395.0,1.0,3
20261001_204821,2026-10-01 20:55:55,TankZero_Fill,50.0,394.0,2.0,3
20261001_204821,2026-10-01 20:55:55,TankZero_Fill,50.0,396.0,0.0,3
20261001_204821,2026-10-01 20:55:56,TankZero_Fill,50.0,394.0,2.0,3
20261001_204821,2026-10-01 20:55:56,TankZero_Fill,50.0,392.0,4.0,3
20261001_204821,2026-10-01 20:55:57,TankZero_Fill,50.0,388.0,8.0,3
20261001_204821,2026-10-01 20:55:58,TankZero_Fill,50.0,385.0,11.0,3
20261001_204821,2026-10-01 20:55:58,TankZero_Fill,50.0,382.0,14.0,3
20261001_204821,2026-10-01 20:55:59,TankZero_Fill,50.0,378.0,18.0,3
20261001_204821,2026-10-01 20:55:59,TankZero_Fill,50.0,375.0,21.0,3
20261001_204821,2026-10-01 20:56:00,TankZero_Fill,50.0,371.0,25.0,3
20261001_204821,2026-10-01 20:56:01,TankZero_Fill,50.0,367.0,29.0,3
20261001_204821,2026-10-01 20:56:01,TankZero_Fill,50.0,363.0,33.0,3
20261001_204821,2026-10-01 20:56:02,TankZero_Fill,50.0,359.0,37.0,3
20261001_204821,2026-10-01 20:56:02,TankZero_Fill,50.0,356.0,40.0,3
20261001_204821,2026-10-01 20:56:03,TankZero_Fill,50.0,351.0,45.0,3
20261001_204821,2026-10-01 20:56:03,TankZero_Fill,50.0,349.0,47.0,3
20261001_204821,2026-10-01 20:56:04,TankZero_Fill,50.0,345.0,51.0,3
20261001_204821,2026-10-01 21:01:23,TankZero_Drain,2.0,338.5,57.5,2
20261001_204821,2026-10-01 21:01:23,TankZero_Drain,2.0,341.5,54.5,2
20261001_204821,2026-10-01 21:01:23,TankZero_Drain,2.0,342.0,54.0,2
20261001_204821,2026-10-01 21:01:24,TankZero_Drain,2.0,343.0,53.0,2
20261001_204821,2026-10-01 21:01:24,TankZero_Drain,2.0,344.0,52.0,2
20261001_204821,2026-10-01 21:01:25,TankZero_Drain,2.0,345.5,50.5,2
20261001_204821,2026-10-01 21:01:25,TankZero_Drain,2.0,346.5,49.5,2
20261001_204821,2026-10-01 21:01:25,TankZero_Drain,2.0,347.0,49.0,2
20261001_204821,2026-10-01 21:01:26,TankZero_Drain,2.0,348.5,47.5,2
20261001_204821,2026-10-01 21:01:26,TankZero_Drain,2.0,349.5,46.5,2
20261001_204821,2026-10-01 21:01:27,TankZero_Drain,2.0,350.0,46.0,2
20261001_204821,2026-10-01 21:01:27,TankZero_Drain,2.0,352.0,44.0,2
20261001_204821,2026-10-01 21:01:27,TankZero_Drain,2.0,352.5,43.5,2
20261001_204821,2026-10-01 21:01:28,TankZero_Drain,2.0,353.5,42.5,2
20261001_204821,2026-10-01 21:01:28,TankZero_Drain,2.0,355.5,40.5,2
20261001_204821,2026-10-01 21:01:29,TankZero_Drain,2.0,356.0,40.0,2
20261001_204821,2026-10-01 21:01:29,TankZero_Drain,2.0,356.0,40.0,2
20261001_204821,2026-10-01 21:01:29,TankZero_Drain,2.0,357.5,38.5,2
20261001_204821,2026-10-01 21:01:30,TankZero_Drain,2.0,359.0,37.0,2
20261001_204821,2026-10-01 21:01:30,TankZero_Drain,2.0,360.0,36.0,2
20261001_204821,2026-10-01 21:01:31,TankZero_Drain,2.0,361.5,34.5,2
20261001_204821,2026-10-01 21:01:31,TankZero_Drain,2.0,361.5,34.5,2
20261001_204821,2026-10-01 21:01:31,TankZero_Drain,2.0,362.5,33.5,2
20261001_204821,2026-10-01 21:01:32,TankZero_Drain,2.0,363.0,33.0,2
20261001_204821,2026-10-01 21:01:32,TankZero_Drain,2.0,364.5,31.5,2
20261001_204821,2026-10-01 21:01:33,TankZero_Drain,2.0,365.5,30.5,2
20261001_204821,2026-10-01 21:01:33,TankZero_Drain,2.0,366.5,29.5,2
20261001_204821,2026-10-01 21:01:33,TankZero_Drain,2.0,368.0,28.0,2
20261001_204821,2026-10-01 21:01:34,TankZero_Drain,2.0,368.5,27.5,2
20261001_204821,2026-10-01 21:01:34,TankZero_Drain,2.0,370.0,26.0,2
20261001_204821,2026-10-01 21:01:35,TankZero_Drain,2.0,370.5,25.5,2
20261001_204821,2026-10-01 21:01:35,TankZero_Drain,2.0,371.5,24.5,2
20261001_204821,2026-10-01 21:01:35,TankZero_Drain,2.0,372.5,23.5,2
20261001_204821,2026-10-01 21:01:36,TankZero_Drain,2.0,373.5,22.5,2
20261001_204821,2026-10-01 21:01:36,TankZero_Drain,2.0,375.0,21.0,2
20261001_204821,2026-10-01 21:01:37,TankZero_Drain,2.0,376.5,19.5,2
20261001_204821,2026-10-01 21:01:37,TankZero_Drain,2.0,377.0,19.0,2
20261001_204821,2026-10-01 21:01:37,TankZero_Drain,2.0,378.0,18.0,2
20261001_204821,2026-10-01 21:01:38,TankZero_Drain,2.0,379.5,16.5,2
20261001_204821,2026-10-01 21:01:38,TankZero_Drain,2.0,380.5,15.5,2
20261001_204821,2026-10-01 21:01:39,TankZero_Drain,2.0,381.0,15.0,2
20261001_204821,2026-10-01 21:01:39,TankZero_Drain,2.0,382.0,14.0,2
20261001_204821,2026-10-01 21:01:39,TankZero_Drain,2.0,383.5,12.5,2
20261001_204821,2026-10-01 21:01:40,TankZero_Drain,2.0,384.5,11.5,2
20261001_204821,2026-10-01 21:01:40,TankZero_Drain,2.0,386.0,10.0,2
20261001_204821,2026-10-01 21:01:41,TankZero_Drain,2.0,387.0,9.0,2
20261001_204821,2026-10-01 21:01:41,TankZero_Drain,2.0,387.5,8.5,2
20261001_204821,2026-10-01 21:01:41,TankZero_Drain,2.0,388.5,7.5,2
20261001_204821,2026-10-01 21:01:42,TankZero_Drain,2.0,389.5,6.5,2
20261001_204821,2026-10-01 21:01:42,TankZero_Drain,2.0,391.0,5.0,2
20261001_204821,2026-10-01 21:01:43,TankZero_Drain,2.0,392.0,4.0,2
20261001_204821,2026-10-01 21:01:43,TankZero_Drain,2.0,392.5,3.5,2
20261001_204821,2026-10-01 21:01:43,TankZero_Drain,2.0,393.5,2.5,2
20261001_204821,2026-10-01 21:01:44,TankZero_Drain,2.0,394.5,1.5,2
20261001_204821,2026-10-01 20:59:56,TankZero_Fill,50.0,395.0,1.0,3
20261001_204821,2026-10-01 20:59:56,TankZero_Fill,50.0,395.0,1.0,3
20261001_204821,2026-10-01 20:59:57,TankZero_Fill,50.0,395.0,1.0,3
20261001_204821,2026-10-01 20:59:57,TankZero_Fill,50.0,394.0,2.0,3
20261001_204821,2026-10-01 20:59:58,TankZero_Fill,50.0,393.0,3.0,3
20261001_204821,2026-10-01 20:59:58,TankZero_Fill,50.0,388.0,8.0,3
20261001_204821,2026-10-01 20:59:59,TankZero_Fill,50.0,385.0,11.0,3
20261001_204821,2026-10-01 21:00:00,TankZero_Fill,50.0,382.0,14.0,3
20261001_204821,2026-10-01 21:00:00,TankZero_Fill,50.0,378.0,18.0,3
20261001_204821,2026-10-01 21:00:01,TankZero_Fill,50.0,372.0,24.0,3
20261001_204821,2026-10-01 21:00:01,TankZero_Fill,50.0,369.0,27.0,3
20261001_204821,2026-10-01 21:00:02,TankZero_Fill,50.0,365.0,31.0,3
20261001_204821,2026-10-01 21:00:03,TankZero_Fill,50.0,363.0,33.0,3
20261001_204821,2026-10-01 21:00:03,TankZero_Fill,50.0,359.0,37.0,3
20261001_204821,2026-10-01 21:00:04,TankZero_Fill,50.0,355.0,41.0,3
20261001_204821,2026-10-01 21:00:04,TankZero_Fill,50.0,350.0,46.0,3
20261001_204821,2026-10-01 21:00:05,TankZero_Fill,50.0,347.0,49.0,3
20261001_204821,2026-10-01 21:00:06,TankZero_Fill,50.0,342.0,54.0,3
20261001_204821,2026-10-01 21:03:07,TankZero_Drain,2.0,340.0,56.0,2
20261001_204821,2026-10-01 21:03:08,TankZero_Drain,2.0,340.5,55.5,2
20261001_204821,2026-10-01 21:03:08,TankZero_Drain,2.0,341.5,54.5,2
20261001_204821,2026-10-01 21:03:09,TankZero_Drain,2.0,343.5,52.5,2
20261001_204821,2026-10-01 21:03:09,TankZero_Drain,2.0,343.5,52.5,2
20261001_204821,2026-10-01 21:03:09,TankZero_Drain,2.0,345.0,51.0,2
20261001_204821,2026-10-01 21:03:10,TankZero_Drain,2.0,346.0,50.0,2
20261001_204821,2026-10-01 21:03:10,TankZero_Drain,2.0,347.0,49.0,2
20261001_204821,2026-10-01 21:03:11,TankZero_Drain,2.0,348.0,48.0,2
20261001_204821,2026-10-01 21:03:11,TankZero_Drain,2.0,349.5,46.5,2
20261001_204821,2026-10-01 21:03:11,TankZero_Drain,2.0,350.0,46.0,2
20261001_204821,2026-10-01 21:03:12,TankZero_Drain,2.0,351.0,45.0,2
20261001_204821,2026-10-01 21:03:12,TankZero_Drain,2.0,351.0,45.0,2
20261001_204821,2026-10-01 21:03:13,TankZero_Drain,2.0,353.5,42.5,2
20261001_204821,2026-10-01 21:03:13,TankZero_Drain,2.0,354.0,42.0,2
20261001_204821,2026-10-01 21:03:13,TankZero_Drain,2.0,355.0,41.0,2
20261001_204821,2026-10-01 21:03:14,TankZero_Drain,2.0,355.0,41.0,2
20261001_204821,2026-10-01 21:03:14,TankZero_Drain,2.0,357.0,39.0,2
20261001_204821,2026-10-01 21:03:15,TankZero_Drain,2.0,357.5,38.5,2
20261001_204821,2026-10-01 21:03:15,TankZero_Drain,2.0,359.0,37.0,2
20261001_204821,2026-10-01 21:03:15,TankZero_Drain,2.0,359.5,36.5,2
20261001_204821,2026-10-01 21:03:16,TankZero_Drain,2.0,360.0,36.0,2
20261001_204821,2026-10-01 21:03:16,TankZero_Drain,2.0,361.5,34.5,2
20261001_204821,2026-10-01 21:03:17,TankZero_Drain,2.0,362.5,33.5,2
20261001_204821,2026-10-01 21:03:17,TankZero_Drain,2.0,363.5,32.5,2
20261001_204821,2026-10-01 21:03:17,TankZero_Drain,2.0,364.0,32.0,2
20261001_204821,2026-10-01 21:03:18,TankZero_Drain,2.0,365.5,30.5,2
20261001_204821,2026-10-01 21:03:18,TankZero_Drain,2.0,366.0,30.0,2
20261001_204821,2026-10-01 21:03:19,TankZero_Drain,2.0,367.0,29.0,2
20261001_204821,2026-10-01 21:03:19,TankZero_Drain,2.0,368.5,27.5,2
20261001_204821,2026-10-01 21:03:19,TankZero_Drain,2.0,368.5,27.5,2
20261001_204821,2026-10-01 21:03:20,TankZero_Drain,2.0,370.0,26.0,2
20261001_204821,2026-10-01 21:03:20,TankZero_Drain,2.0,371.5,24.5,2
20261001_204821,2026-10-01 21:03:20,TankZero_Drain,2.0,372.0,24.0,2
20261001_204821,2026-10-01 21:03:21,TankZero_Drain,2.0,373.0,23.0,2
20261001_204821,2026-10-01 21:03:21,TankZero_Drain,2.0,374.0,22.0,2
20261001_204821,2026-10-01 21:03:22,TankZero_Drain,2.0,375.0,21.0,2
20261001_204821,2026-10-01 21:03:22,TankZero_Drain,2.0,376.5,19.5,2
20261001_204821,2026-10-01 21:03:22,TankZero_Drain,2.0,377.0,19.0,2
20261001_204821,2026-10-01 21:03:23,TankZero_Drain,2.0,378.5,17.5,2
20261001_204821,2026-10-01 21:03:23,TankZero_Drain,2.0,379.0,17.0,2
20261001_204821,2026-10-01 21:03:24,TankZero_Drain,2.0,380.0,16.0,2
20261001_204821,2026-10-01 21:03:24,TankZero_Drain,2.0,381.5,14.5,2
20261001_204821,2026-10-01 21:03:24,TankZero_Drain,2.0,382.0,14.0,2
20261001_204821,2026-10-01 21:03:25,TankZero_Drain,2.0,383.0,13.0,2
20261001_204821,2026-10-01 21:03:25,TankZero_Drain,2.0,384.5,11.5,2
20261001_204821,2026-10-01 21:03:26,TankZero_Drain,2.0,385.5,10.5,2
20261001_204821,2026-10-01 21:03:26,TankZero_Drain,2.0,386.5,9.5,2
20261001_204821,2026-10-01 21:03:26,TankZero_Drain,2.0,387.5,8.5,2
20261001_204821,2026-10-01 21:03:27,TankZero_Drain,2.0,388.5,7.5,2
20261001_204821,2026-10-01 21:03:27,TankZero_Drain,2.0,389.5,6.5,2
20261001_204821,2026-10-01 21:03:28,TankZero_Drain,2.0,391.0,5.0,2
20261001_204821,2026-10-01 21:03:28,TankZero_Drain,2.0,392.5,3.5,2
20261001_204821,2026-10-01 21:03:28,TankZero_Drain,2.0,392.5,3.5,2
20261001_204821,2026-10-01 21:03:29,TankZero_Drain,2.0,394.0,2.0,2
20261001_204821,2026-10-01 21:02:04,TankZero_Fill,50.0,394.0,2.0,3
20261001_204821,2026-10-01 21:02:04,TankZero_Fill,50.0,395.0,1.0,3
20261001_204821,2026-10-01 21:02:05,TankZero_Fill,50.0,395.0,1.0,3
20261001_204821,2026-10-01 21:02:06,TankZero_Fill,50.0,394.0,2.0,3
20261001_204821,2026-10-01 21:02:06,TankZero_Fill,50.0,392.0,4.0,3
20261001_204821,2026-10-01 21:02:07,TankZero_Fill,50.0,388.0,8.0,3
20261001_204821,2026-10-01 21:02:07,TankZero_Fill,50.0,385.0,11.0,3
20261001_204821,2026-10-01 21:02:08,TankZero_Fill,50.0,382.0,14.0,3
20261001_204821,2026-10-01 21:02:09,TankZero_Fill,50.0,377.0,19.0,3
20261001_204821,2026-10-01 21:02:09,TankZero_Fill,50.0,374.0,22.0,3
20261001_204821,2026-10-01 21:02:10,TankZero_Fill,50.0,370.0,26.0,3
20261001_204821,2026-10-01 21:02:10,TankZero_Fill,50.0,366.0,30.0,3
20261001_204821,2026-10-01 21:02:11,TankZero_Fill,50.0,363.0,33.0,3
20261001_204821,2026-10-01 21:02:11,TankZero_Fill,50.0,360.0,36.0,3
20261001_204821,2026-10-01 21:02:12,TankZero_Fill,50.0,356.0,40.0,3
20261001_204821,2026-10-01 21:02:13,TankZero_Fill,50.0,352.0,44.0,3
20261001_204821,2026-10-01 21:02:13,TankZero_Fill,50.0,349.0,47.0,3
20261001_204821,2026-10-01 21:02:14,TankZero_Fill,50.0,345.0,51.0,3
