SessionID,Timestamp,Event,SampleIndex,RawDistance_mm,CalculatedLevel_mm
20260930_171247,2026-09-30 17:12:57,Calibration_SystemZero,1,448,0.00
20260930_171247,2026-09-30 17:12:57,Calibration_SystemZero,2,448,0.00
20260930_171247,2026-09-30 17:12:57,Calibration_SystemZero,3,448,0.00
20260930_171247,2026-09-30 17:12:57,Calibration_SystemZero,4,449,0.00
20260930_171247,2026-09-30 17:12:58,Calibration_SystemZero,5,449,0.00
20260930_171247,2026-09-30 17:12:58,Calibration_SystemZero,6,448,0.00
20260930_171247,2026-09-30 17:12:58,Calibration_SystemZero,7,448,0.00
20260930_171247,2026-09-30 17:12:58,Calibration_SystemZero,8,449,0.00
20260930_171247,2026-09-30 17:12:58,Calibration_SystemZero,9,448,0.00
20260930_171247,2026-09-30 17:12:59,Calibration_SystemZero,10,449,0.00
20260930_171247,2026-09-30 17:12:59,Calibration_SystemZero,11,449,0.00
20260930_171247,2026-09-30 17:12:59,Calibration_SystemZero,12,449,0.00
20260930_171247,2026-09-30 17:12:59,Calibration_SystemZero,13,449,0.00
20260930_171247,2026-09-30 17:12:59,Calibration_SystemZero,14,448,0.00
20260930_171247,2026-09-30 17:13:00,Calibration_SystemZero,15,450,0.00
20260930_171247,2026-09-30 17:13:00,Calibration_SystemZero,16,449,0.00
20260930_171247,2026-09-30 17:13:00,Calibration_SystemZero,17,450,0.00
20260930_171247,2026-09-30 17:13:00,Calibration_SystemZero,18,449,0.00
20260930_171247,2026-09-30 17:13:00,Calibration_SystemZero,19,449,0.00
20260930_171247,2026-09-30 17:13:01,Calibration_SystemZero,20,449,0.00
20260930_171247,2026-09-30 17:13:01,Calibration_SystemZero,21,449,0.00
20260930_171247,2026-09-30 17:13:01,Calibration_SystemZero,22,448,0.00
20260930_171247,2026-09-30 17:13:01,Calibration_SystemZero,23,449,0.00
20260930_171247,2026-09-30 17:13:01,Calibration_SystemZero,24,449,0.00
20260930_171247,2026-09-30 17:13:02,Calibration_SystemZero,25,450,0.00
20260930_171247,2026-09-30 17:13:02,Calibration_SystemZero,26,449,0.00
20260930_171247,2026-09-30 17:13:02,Calibration_SystemZero,27,449,0.00
20260930_171247,2026-09-30 17:13:02,Calibration_SystemZero,28,448,0.00
20260930_171247,2026-09-30 17:13:02,Calibration_SystemZero,29,449,0.00
20260930_171247,2026-09-30 17:13:03,Calibration_SystemZero,30,450,0.00
20260930_171247,2026-09-30 17:13:03,Calibration_SystemZero,31,449,0.00
20260930_171247,2026-09-30 17:13:03,Calibration_SystemZero,32,449,0.00
20260930_171247,2026-09-30 17:13:03,Calibration_SystemZero,33,449,0.00
20260930_171247,2026-09-30 17:13:03,Calibration_SystemZero,34,449,0.00
20260930_171247,2026-09-30 17:13:03,Calibration_SystemZero,35,449,0.00
20260930_171247,2026-09-30 17:13:04,Calibration_SystemZero,36,450,0.00
20260930_171247,2026-09-30 17:13:04,Calibration_SystemZero,37,449,0.00
20260930_171247,2026-09-30 17:13:04,Calibration_SystemZero,38,450,0.00
20260930_171247,2026-09-30 17:13:04,Calibration_SystemZero,39,449,0.00
20260930_171247,2026-09-30 17:13:04,Calibration_SystemZero,40,449,0.00
20260930_171247,2026-09-30 17:13:05,Calibration_SystemZero,41,450,0.00
20260930_171247,2026-09-30 17:13:05,Calibration_SystemZero,42,449,0.00
20260930_171247,2026-09-30 17:13:05,Calibration_SystemZero,43,449,0.00
20260930_171247,2026-09-30 17:13:05,Calibration_SystemZero,44,449,0.00
20260930_171247,2026-09-30 17:13:05,Calibration_SystemZero,45,449,0.00
20260930_171247,2026-09-30 17:13:06,Calibration_SystemZero,46,448,0.00
20260930_171247,2026-09-30 17:13:06,Calibration_SystemZero,47,449,0.00
20260930_171247,2026-09-30 17:13:06,Calibration_SystemZero,48,450,0.00
20260930_171247,2026-09-30 17:13:06,Calibration_SystemZero,49,449,0.00
20260930_171247,2026-09-30 17:13:06,Calibration_SystemZero,50,449,0.00
20260930_171247,2026-09-30 17:13:07,Calibration_SystemZero,51,449,0.00
20260930_171247,2026-09-30 17:13:07,Calibration_SystemZero,52,449,0.00
20260930_171247,2026-09-30 17:13:07,Calibration_SystemZero,53,449,0.00
20260930_171247,2026-09-30 17:13:07,Calibration_SystemZero,54,450,0.00
20260930_171247,2026-09-30 17:13:07,Calibration_SystemZero,55,449,0.00
20260930_171247,2026-09-30 17:13:08,Calibration_SystemZero,56,449,0.00
20260930_171247,2026-09-30 17:13:08,Calibration_SystemZero,57,449,0.00
20260930_171247,2026-09-30 17:13:08,Calibration_SystemZero,58,449,0.00
20260930_171247,2026-09-30 17:13:08,Calibration_SystemZero,59,449,0.00
20260930_171247,2026-09-30 17:13:08,Calibration_SystemZero,60,449,0.00
20260930_171247,2026-09-30 17:13:09,Calibration_SystemZero,61,449,0.00
20260930_171247,2026-09-30 17:13:09,Calibration_SystemZero,62,450,0.00
20260930_171247,2026-09-30 17:13:09,Calibration_SystemZero,63,450,0.00
20260930_171247,2026-09-30 17:13:09,Calibration_SystemZero,64,449,0.00
20260930_171247,2026-09-30 17:13:09,Calibration_SystemZero,65,449,0.00
20260930_171247,2026-09-30 17:13:10,Calibration_SystemZero,66,449,0.00
20260930_171247,2026-09-30 17:13:10,Calibration_SystemZero,67,450,0.00
20260930_171247,2026-09-30 17:13:10,Calibration_SystemZero,68,449,0.00
20260930_171247,2026-09-30 17:13:10,Calibration_SystemZero,69,449,0.00
20260930_171247,2026-09-30 17:13:10,Calibration_SystemZero,70,449,0.00
20260930_171247,2026-09-30 17:13:11,Calibration_SystemZero,71,449,0.00
20260930_171247,2026-09-30 17:13:11,Calibration_SystemZero,72,449,0.00
20260930_171247,2026-09-30 17:13:11,Calibration_SystemZero,73,448,0.00
20260930_171247,2026-09-30 17:13:11,Calibration_SystemZero,74,448,0.00
20260930_171247,2026-09-30 17:13:11,Calibration_SystemZero,75,449,0.00
20260930_171247,2026-09-30 17:13:12,Calibration_SystemZero,76,449,0.00
20260930_171247,2026-09-30 17:13:12,Calibration_SystemZero,77,449,0.00
20260930_171247,2026-09-30 17:13:12,Calibration_SystemZero,78,449,0.00
20260930_171247,2026-09-30 17:13:12,Calibration_SystemZero,79,450,0.00
20260930_171247,2026-09-30 17:13:12,Calibration_SystemZero,80,448,0.00
20260930_171247,2026-09-30 17:13:13,Calibration_SystemZero,81,450,0.00
20260930_171247,2026-09-30 17:13:13,Calibration_SystemZero,82,449,0.00
20260930_171247,2026-09-30 17:13:13,Calibration_SystemZero,83,450,0.00
20260930_171247,2026-09-30 17:13:13,Calibration_SystemZero,84,449,0.00
20260930_171247,2026-09-30 17:13:13,Calibration_SystemZero,85,450,0.00
20260930_171247,2026-09-30 17:13:14,Calibration_SystemZero,86,449,0.00
20260930_171247,2026-09-30 17:13:14,Calibration_SystemZero,87,448,0.00
20260930_171247,2026-09-30 17:13:14,Calibration_SystemZero,88,448,0.00
20260930_171247,2026-09-30 17:13:14,Calibration_SystemZero,89,450,0.00
20260930_171247,2026-09-30 17:13:14,Calibration_SystemZero,90,449,0.00
20260930_171247,2026-09-30 17:13:15,Calibration_SystemZero,91,448,0.00
20260930_171247,2026-09-30 17:13:15,Calibration_SystemZero,92,449,0.00
20260930_171247,2026-09-30 17:13:15,Calibration_SystemZero,93,449,0.00
20260930_171247,2026-09-30 17:13:15,Calibration_SystemZero,94,448,0.00
20260930_171247,2026-09-30 17:13:15,Calibration_SystemZero,95,449,0.00
20260930_171247,2026-09-30 17:13:16,Calibration_SystemZero,96,448,0.00
20260930_171247,2026-09-30 17:13:16,Calibration_SystemZero,97,449,0.00
20260930_171247,2026-09-30 17:13:16,Calibration_SystemZero,98,448,0.00
20260930_171247,2026-09-30 17:13:16,Calibration_SystemZero,99,450,0.00
20260930_171247,2026-09-30 17:13:16,Calibration_SystemZero,100,448,0.00
20260930_171247,2026-09-30 17:14:19,Calibration_SystemZero,1,449,0.00
20260930_171247,2026-09-30 17:14:19,Calibration_SystemZero,2,450,0.00
20260930_171247,2026-09-30 17:14:19,Calibration_SystemZero,3,422,0.00
20260930_171247,2026-09-30 17:14:19,Calibration_SystemZero,4,423,0.00
20260930_171247,2026-09-30 17:14:19,Calibration_SystemZero,5,424,0.00
20260930_171247,2026-09-30 17:14:19,Calibration_SystemZero,6,422,0.00
20260930_171247,2026-09-30 17:14:20,Calibration_SystemZero,7,423,0.00
20260930_171247,2026-09-30 17:14:20,Calibration_SystemZero,8,423,0.00
20260930_171247,2026-09-30 17:14:20,Calibration_SystemZero,9,424,0.00
20260930_171247,2026-09-30 17:14:20,Calibration_SystemZero,10,423,0.00
20260930_171247,2026-09-30 17:14:20,Calibration_SystemZero,11,422,0.00
20260930_171247,2026-09-30 17:14:21,Calibration_SystemZero,12,424,0.00
20260930_171247,2026-09-30 17:14:21,Calibration_SystemZero,13,423,0.00
20260930_171247,2026-09-30 17:14:21,Calibration_SystemZero,14,423,0.00
20260930_171247,2026-09-30 17:14:21,Calibration_SystemZero,15,424,0.00
20260930_171247,2026-09-30 17:14:21,Calibration_SystemZero,16,423,0.00
20260930_171247,2026-09-30 17:14:22,Calibration_SystemZero,17,423,0.00
20260930_171247,2026-09-30 17:14:22,Calibration_SystemZero,18,424,0.00
20260930_171247,2026-09-30 17:14:22,Calibration_SystemZero,19,423,0.00
20260930_171247,2026-09-30 17:14:22,Calibration_SystemZero,20,424,0.00
20260930_171247,2026-09-30 17:14:22,Calibration_SystemZero,21,424,0.00
20260930_171247,2026-09-30 17:14:23,Calibration_SystemZero,22,423,0.00
20260930_171247,2026-09-30 17:14:23,Calibration_SystemZero,23,423,0.00
20260930_171247,2026-09-30 17:14:23,Calibration_SystemZero,24,424,0.00
20260930_171247,2026-09-30 17:14:23,Calibration_SystemZero,25,423,0.00
20260930_171247,2026-09-30 17:14:23,Calibration_SystemZero,26,424,0.00
20260930_171247,2026-09-30 17:14:24,Calibration_SystemZero,27,424,0.00
20260930_171247,2026-09-30 17:14:24,Calibration_SystemZero,28,423,0.00
20260930_171247,2026-09-30 17:14:24,Calibration_SystemZero,29,423,0.00
20260930_171247,2026-09-30 17:14:24,Calibration_SystemZero,30,424,0.00
20260930_171247,2026-09-30 17:14:24,Calibration_SystemZero,31,423,0.00
20260930_171247,2026-09-30 17:14:25,Calibration_SystemZero,32,423,0.00
20260930_171247,2026-09-30 17:14:25,Calibration_SystemZero,33,424,0.00
20260930_171247,2026-09-30 17:14:25,Calibration_SystemZero,34,424,0.00
20260930_171247,2026-09-30 17:14:25,Calibration_SystemZero,35,424,0.00
20260930_171247,2026-09-30 17:14:25,Calibration_SystemZero,36,423,0.00
20260930_171247,2026-09-30 17:14:26,Calibration_SystemZero,37,423,0.00
20260930_171247,2026-09-30 17:14:26,Calibration_SystemZero,38,424,0.00
20260930_171247,2026-09-30 17:14:26,Calibration_SystemZero,39,424,0.00
20260930_171247,2026-09-30 17:14:26,Calibration_SystemZero,40,424,0.00
20260930_171247,2026-09-30 17:14:26,Calibration_SystemZero,41,425,0.00
20260930_171247,2026-09-30 17:14:27,Calibration_SystemZero,42,424,0.00
20260930_171247,2026-09-30 17:14:27,Calibration_SystemZero,43,424,0.00
20260930_171247,2026-09-30 17:14:27,Calibration_SystemZero,44,425,0.00
20260930_171247,2026-09-30 17:14:27,Calibration_SystemZero,45,425,0.00
20260930_171247,2026-09-30 17:14:27,Calibration_SystemZero,46,423,0.00
20260930_171247,2026-09-30 17:14:28,Calibration_SystemZero,47,424,0.00
20260930_171247,2026-09-30 17:14:28,Calibration_SystemZero,48,423,0.00
20260930_171247,2026-09-30 17:14:28,Calibration_SystemZero,49,424,0.00
20260930_171247,2026-09-30 17:14:28,Calibration_SystemZero,50,424,0.00
20260930_171247,2026-09-30 17:14:28,Calibration_SystemZero,51,424,0.00
20260930_171247,2026-09-30 17:14:28,Calibration_SystemZero,52,423,0.00
20260930_171247,2026-09-30 17:14:29,Calibration_SystemZero,53,424,0.00
20260930_171247,2026-09-30 17:14:29,Calibration_SystemZero,54,423,0.00
20260930_171247,2026-09-30 17:14:29,Calibration_SystemZero,55,424,0.00
20260930_171247,2026-09-30 17:14:29,Calibration_SystemZero,56,424,0.00
20260930_171247,2026-09-30 17:14:29,Calibration_SystemZero,57,424,0.00
20260930_171247,2026-09-30 17:14:30,Calibration_SystemZero,58,424,0.00
20260930_171247,2026-09-30 17:14:30,Calibration_SystemZero,59,424,0.00
20260930_171247,2026-09-30 17:14:30,Calibration_SystemZero,60,423,0.00
20260930_171247,2026-09-30 17:14:30,Calibration_SystemZero,61,424,0.00
20260930_171247,2026-09-30 17:14:30,Calibration_SystemZero,62,423,0.00
20260930_171247,2026-09-30 17:14:31,Calibration_SystemZero,63,424,0.00
20260930_171247,2026-09-30 17:14:31,Calibration_SystemZero,64,423,0.00
20260930_171247,2026-09-30 17:14:31,Calibration_SystemZero,65,424,0.00
20260930_171247,2026-09-30 17:14:31,Calibration_SystemZero,66,424,0.00
20260930_171247,2026-09-30 17:14:31,Calibration_SystemZero,67,424,0.00
20260930_171247,2026-09-30 17:14:32,Calibration_SystemZero,68,423,0.00
20260930_171247,2026-09-30 17:14:32,Calibration_SystemZero,69,424,0.00
20260930_171247,2026-09-30 17:14:32,Calibration_SystemZero,70,423,0.00
20260930_171247,2026-09-30 17:14:32,Calibration_SystemZero,71,425,0.00
20260930_171247,2026-09-30 17:14:32,Calibration_SystemZero,72,423,0.00
20260930_171247,2026-09-30 17:14:33,Calibration_SystemZero,73,423,0.00
20260930_171247,2026-09-30 17:14:33,Calibration_SystemZero,74,423,0.00
20260930_171247,2026-09-30 17:14:33,Calibration_SystemZero,75,424,0.00
20260930_171247,2026-09-30 17:14:33,Calibration_SystemZero,76,423,0.00
20260930_171247,2026-09-30 17:14:33,Calibration_SystemZero,77,424,0.00
20260930_171247,2026-09-30 17:14:34,Calibration_SystemZero,78,423,0.00
20260930_171247,2026-09-30 17:14:34,Calibration_SystemZero,79,424,0.00
20260930_171247,2026-09-30 17:14:34,Calibration_SystemZero,80,423,0.00
20260930_171247,2026-09-30 17:14:34,Calibration_SystemZero,81,424,0.00
20260930_171247,2026-09-30 17:14:34,Calibration_SystemZero,82,422,0.00
20260930_171247,2026-09-30 17:14:35,Calibration_SystemZero,83,423,0.00
20260930_171247,2026-09-30 17:14:35,Calibration_SystemZero,84,423,0.00
20260930_171247,2026-09-30 17:14:35,Calibration_SystemZero,85,423,0.00
20260930_171247,2026-09-30 17:14:35,Calibration_SystemZero,86,423,0.00
20260930_171247,2026-09-30 17:14:35,Calibration_SystemZero,87,424,0.00
20260930_171247,2026-09-30 17:14:36,Calibration_SystemZero,88,423,0.00
20260930_171247,2026-09-30 17:14:36,Calibration_SystemZero,89,423,0.00
20260930_171247,2026-09-30 17:14:36,Calibration_SystemZero,90,424,0.00
20260930_171247,2026-09-30 17:14:36,Calibration_SystemZero,91,424,0.00
20260930_171247,2026-09-30 17:14:36,Calibration_SystemZero,92,423,0.00
20260930_171247,2026-09-30 17:14:37,Calibration_SystemZero,93,423,0.00
20260930_171247,2026-09-30 17:14:37,Calibration_SystemZero,94,423,0.00
20260930_171247,2026-09-30 17:14:37,Calibration_SystemZero,95,424,0.00
20260930_171247,2026-09-30 17:14:37,Calibration_SystemZero,96,423,0.00
20260930_171247,2026-09-30 17:14:37,Calibration_SystemZero,97,423,0.00
20260930_171247,2026-09-30 17:14:38,Calibration_SystemZero,98,423,0.00
20260930_171247,2026-09-30 17:14:38,Calibration_SystemZero,99,424,0.00
20260930_171247,2026-09-30 17:14:38,Calibration_SystemZero,100,423,0.00
