id,config,kp,ki,alpha,runs,source,jitter_pct,pwm_std_pct,rpm_std,rpm_mean,mean_error_rpm,overshoot_pct,settle_s,jitter_vs_baseline_pct,rpm_std_vs_baseline_pct,rpm_amp_1x,rpm_amp_2x,pwm_amp_1x_pct,pwm_amp_2x_pct
B3,B3_alpha0.15,1.564,41.225,0.15,2,csv,0.022590504021511047,0.04029000823544525,2.785800366039346,460.00469929812493,-0.004699298124961615,65.42033782608696,0.615014,-82.1025583006741,-10.474271055253826,3.0974946003029045,1.9026062765773326,0.04770591647897253,0.014683764813285507
D4,D4_kp1.0_a0.3,1.0,41.225,0.3,2,csv,0.03140656682834937,0.055273332444823846,2.8954400315459,459.99657179812505,0.003428201874982051,34.34740934782609,0.32002949999999997,-75.11798770620047,-6.95084163246017,3.1901488543991245,2.0777331253466675,0.06886186758276022,0.023104415174094915
D2,D2_kp1.2_a0.3,1.2,41.225,0.3,2,csv,0.037841471313224365,0.06704477787578027,3.1190827707523345,459.99869415687505,0.0013058431249532987,30.078440434782603,0.2750235,-70.01990190213361,0.2362416541722423,3.705203524622693,2.06630048962479,0.08904781317605762,0.026669844667290075
B2,B2_alpha0.3,1.564,41.225,0.3,2,csv,0.04713151149098054,0.08378305523829617,3.2723098239489614,460.012101731875,-0.012101731875020505,30.202455108695652,0.265025,-62.659820325048685,5.160414900292665,3.856362023983964,2.102568264154132,0.11041741404242464,0.033628556849258626
D3,D3_kp1.0_a0.5,1.0,41.225,0.5,2,csv,0.04970128946766033,0.08169933701523596,3.128704820555417,460.011745200625,-0.011745200625000507,12.519398586956523,0.130023,-60.62390065393185,0.5454601585076047,3.6125837238236738,2.198840097796402,0.10730097759032407,0.04072100955648915
D1,D1_kp1.2_a0.5,1.2,41.225,0.5,2,csv,0.059439479331831975,0.09754068373716177,3.3021074570625917,459.98263876,0.017361240000042244,16.335200326086948,0.14003,-52.90877020863422,6.118004991042247,3.671476083625084,2.2855301092583375,0.12182557421090286,0.04926892756639066
C3,C3_kp0.8,0.8,41.225,1.0,2,csv,0.07270648288340129,0.09101345712818246,3.0491606060538086,460.00791193062497,-0.007911930624970864,1.5581463043478263,0.075032,-42.397919173045906,-2.0108083643220587,3.226104024630163,2.45938607795524,0.10354068437585598,0.06475733924343713
B1,B1_alpha0.5,1.564,41.225,0.5,2,csv,0.07450486300938566,0.12150962046654654,3.4251566451078483,460.008000051875,-0.00800005187500119,15.292273695652167,0.1800325,-40.97314337223229,10.072368839257484,3.810438142151881,2.4947163171768683,0.15101453960676428,0.06674645212277215
C2,C2_kp1.0,1.0,41.225,1.0,2,csv,0.08408436102697504,0.09974863148401727,2.938469833663455,460.006806478125,-0.006806478125014337,1.1971338043478295,0.0750245,-33.383737349446875,-5.5680166289588495,2.9314348105119215,2.4947133778211903,0.10551346429325294,0.07740252914514421
C1,C1_kp1.2,1.2,41.225,1.0,2,csv,0.09574022828638493,0.1095124570010739,2.860365675016793,460.00185720375,-0.001857203749977998,1.1988721739130388,0.1050175,-24.14931723506041,-8.078006871511567,2.756343854836455,2.5931572834762022,0.11026917098056013,0.09241514045340612
A,A_baseline,1.564,41.225,1.0,2,csv,0.1262219729558438,0.1432601177588746,3.1117315646306514,459.994438798125,0.005561201874996868,1.2581342391304355,0.1400195,0.0,0.0,2.9682618799856817,2.877316245705634,0.1422341616453633,0.1272992839638201
