SessionID,Iteration,TargetLevel_mm,ToFAvg_mm,DistFromZero_mm,CalculatedFluid_mm,PhysicalIndex,PhysicalMeasure_mm
,,,,,,,
,,,,,,,
,,,,,,,
,,,,,,,
,,,,,,,
,,,,,,,
,,,,,,,
,,,,,,,
,,,,,,,
,,,,,,,
,,,,,,,
,,,,,,,
,,,,,,,
,,,,,,,
,,,,,,,
,,,,,,,
,,,,,,,
,,,,,,,
,,,,,,,
,,,,,,,
,,,,,,,
,,,,,,,
,,,,,,,
,,,,,,,
,,,,,,,
,,,,,,,
,,,,,,,
,,,,,,,
,,,,,,,
,,,,,,,
,,,,,,,
,,,,,,,
,,,,,,,
,,,,,,,
,,,,,,,
20260922_172129,1,50,356.92,43.08,56.08,1,51
20260922_172129,1,50,356.92,43.08,56.08,2,51
20260922_172129,1,50,356.92,43.08,56.08,3,51
20260922_172129,1,50,356.92,43.08,56.08,4,51
20260922_172129,1,50,356.92,43.08,56.08,5,51
20260922_172129,2,50,354.86,45.14,58.14,1,56
20260922_172129,2,50,354.86,45.14,58.14,2,56
20260922_172129,2,50,354.86,45.14,58.14,3,56
20260922_172129,2,50,354.86,45.14,58.14,4,56
20260922_172129,2,50,354.86,45.14,58.14,5,56
20260922_172129,3,50,358.71,41.29,54.29,1,52
20260922_172129,3,50,358.71,41.29,54.29,2,52
20260922_172129,3,50,358.71,41.29,54.29,3,52
20260922_172129,3,50,358.71,41.29,54.29,4,52
20260922_172129,3,50,358.71,41.29,54.29,5,52
20260922_172129,4,50,358.35,41.65,54.65,1,54
20260922_172129,4,50,358.35,41.65,54.65,2,54
20260922_172129,4,50,358.35,41.65,54.65,3,54
20260922_172129,4,50,358.35,41.65,54.65,4,54
20260922_172129,4,50,358.35,41.65,54.65,5,54
20260922_172129,5,50,357.13,42.87,55.87,1,55
20260922_172129,5,50,357.13,42.87,55.87,2,55
20260922_172129,5,50,357.13,42.87,55.87,3,55
20260922_172129,5,50,357.13,42.87,55.87,4,55
20260922_172129,5,50,357.13,42.87,55.87,5,55
20260922_191215,1,100,306.13,93.87,108.87,1,101
20260922_191215,1,100,306.13,93.87,108.87,2,102
20260922_191215,1,100,306.13,93.87,108.87,3,102
20260922_191215,1,100,306.13,93.87,108.87,4,102
20260922_191215,1,100,306.13,93.87,108.87,5,102
20260922_191215,2,100,311.97,88.03,103.03,1,98
20260922_191215,2,100,311.97,88.03,103.03,2,98
20260922_191215,2,100,311.97,88.03,103.03,3,98
20260922_191215,2,100,311.97,88.03,103.03,4,98
20260922_191215,2,100,311.97,88.03,103.03,5,98
20260922_191215,3,100,310.92,89.08,104.08,1,99
20260922_191215,3,100,310.92,89.08,104.08,2,99
20260922_191215,3,100,310.92,89.08,104.08,3,99
20260922_191215,3,100,310.92,89.08,104.08,4,99
20260922_191215,3,100,310.92,89.08,104.08,5,99
20260922_191215,4,100,309.75,90.25,105.25,1,100
20260922_191215,4,100,309.75,90.25,105.25,2,100
20260922_191215,4,100,309.75,90.25,105.25,3,100
20260922_191215,4,100,309.75,90.25,105.25,4,100
20260922_191215,4,100,309.75,90.25,105.25,5,100
20260922_191215,5,100,308.29,91.71,106.71,1,99
20260922_191215,5,100,308.29,91.71,106.71,2,99
20260922_191215,5,100,308.29,91.71,106.71,3,99
20260922_191215,5,100,308.29,91.71,106.71,4,99
20260922_191215,5,100,308.29,91.71,106.71,5,99
20260922_192901,1,150,261.38,138.62,154.62,1,145
20260922_192901,1,150,261.38,138.62,154.62,2,145
20260922_192901,1,150,261.38,138.62,154.62,3,145
20260922_192901,1,150,261.38,138.62,154.62,4,145
20260922_192901,1,150,261.38,138.62,154.62,5,145
20260922_192901,2,150,258.33,141.67,157.67,1,146
20260922_192901,2,150,258.33,141.67,157.67,2,146
20260922_192901,2,150,258.33,141.67,157.67,3,146
20260922_192901,2,150,258.33,141.67,157.67,4,146
20260922_192901,2,150,258.33,141.67,157.67,5,146
20260922_192901,3,150,260.95,139.05,155.05,1,142
20260922_192901,3,150,260.95,139.05,155.05,2,142
20260922_192901,3,150,260.95,139.05,155.05,3,142
20260922_192901,3,150,260.95,139.05,155.05,4,142
20260922_192901,3,150,260.95,139.05,155.05,5,142
20260922_192901,4,150,261.25,138.75,154.75,1,142
20260922_192901,4,150,261.25,138.75,154.75,2,142
20260922_192901,4,150,261.25,138.75,154.75,3,142
20260922_192901,4,150,261.25,138.75,154.75,4,142
20260922_192901,4,150,261.25,138.75,154.75,5,142
20260922_192901,5,150,263.49,136.51,152.51,1,141
20260922_192901,5,150,263.49,136.51,152.51,2,141
20260922_192901,5,150,263.49,136.51,152.51,3,141
20260922_192901,5,150,263.49,136.51,152.51,4,141
20260922_192901,5,150,263.49,136.51,152.51,5,141
20260922_192901,1,200,210.49,189.51,205.51,1,191
20260922_192901,1,200,210.49,189.51,205.51,2,191
20260922_192901,1,200,210.49,189.51,205.51,3,191
20260922_192901,1,200,210.49,189.51,205.51,4,191
20260922_192901,1,200,210.49,189.51,205.51,5,191
20260922_195145,1,200,215.37,184.63,199.63,1,191
20260922_195145,1,200,215.37,184.63,199.63,2,191
20260922_195145,1,200,215.37,184.63,199.63,3,191
20260922_195145,1,200,215.37,184.63,199.63,4,191
20260922_195145,1,200,215.37,184.63,199.63,5,191
20260922_195145,2,200,208.7,191.3,206.3,1,191
20260922_195145,2,200,208.7,191.3,206.3,2,191
20260922_195145,2,200,208.7,191.3,206.3,3,191
20260922_195145,2,200,208.7,191.3,206.3,4,191
20260922_195145,2,200,208.7,191.3,206.3,5,191
20260922_195145,3,200,208.36,191.64,206.64,1,193
20260922_195145,3,200,208.36,191.64,206.64,2,192
20260922_195145,3,200,208.36,191.64,206.64,3,192
20260922_195145,3,200,208.36,191.64,206.64,4,192
20260922_195145,3,200,208.36,191.64,206.64,5,192
20260922_195145,4,200,210.75,189.25,204.25,1,190
20260922_195145,4,200,210.75,189.25,204.25,2,190
20260922_195145,4,200,210.75,189.25,204.25,3,190
20260922_195145,4,200,210.75,189.25,204.25,4,190
20260922_195145,4,200,210.75,189.25,204.25,5,190
20260922_195145,5,200,210.42,189.58,204.58,1,189
20260922_195145,5,200,210.42,189.58,204.58,2,189
20260922_195145,5,200,210.42,189.58,204.58,3,189
20260922_195145,5,200,210.42,189.58,204.58,4,189
20260922_195145,5,200,210.42,189.58,204.58,5,189
20260922_195145,1,250,162.25,237.75,251.75,1,237
20260922_195145,1,250,162.25,237.75,251.75,2,237
20260922_195145,1,250,162.25,237.75,251.75,3,237
20260922_195145,1,250,162.25,237.75,251.75,4,237
20260922_195145,1,250,162.25,237.75,251.75,5,237
20260922_195145,2,250,159.88,240.12,254.12,1,241
20260922_195145,2,250,159.88,240.12,254.12,2,241
20260922_195145,2,250,159.88,240.12,254.12,3,241
20260922_195145,2,250,159.88,240.12,254.12,4,241
20260922_195145,2,250,159.88,240.12,254.12,5,241
20260922_195145,3,250,160.11,239.89,253.89,1,240
20260922_195145,3,250,160.11,239.89,253.89,2,240
20260922_195145,3,250,160.11,239.89,253.89,3,240
20260922_195145,3,250,160.11,239.89,253.89,4,240
20260922_195145,3,250,160.11,239.89,253.89,5,240
20260922_195145,4,250,158.41,241.59,255.59,1,241
20260922_195145,4,250,158.41,241.59,255.59,2,241
20260922_195145,4,250,158.41,241.59,255.59,3,241
20260922_195145,4,250,158.41,241.59,255.59,4,241
20260922_195145,4,250,158.41,241.59,255.59,5,241
20260922_195145,5,250,159.94,240.06,254.06,1,241
20260922_195145,5,250,159.94,240.06,254.06,2,241
20260922_195145,5,250,159.94,240.06,254.06,3,241
20260922_195145,5,250,159.94,240.06,254.06,4,241
20260922_195145,5,250,159.94,240.06,254.06,5,241
